use cms;
SET foreign_key_checks = 0;
INSERT INTO `user` (`id`, `createAt`, `updateAt`, `isDelete`, `enable`, `name`, `realname`, `password`, `cellphone`, `departmentId`, `ip`) VALUES (1, '2023-11-12 16:50:26', '2023-11-18 20:47:35', 0, 1, 'admin1', 'leo messi', '$2b$10$Ep2pKm8Gqq0mF..5LtAU8OPd2YWwLk5iOpbU3mXTLIsp.UxfLIppO', '1332222', 1, '::1');
INSERT INTO `user` (`id`, `createAt`, `updateAt`, `isDelete`, `enable`, `name`, `realname`, `password`, `cellphone`, `departmentId`, `ip`) VALUES (2, '2023-11-12 16:53:55', '2023-11-12 16:53:55', 0, 1, 'leijun', '雷军', '$2b$10$U3XxIkVuJl/Ooi8QCToJuupD2W8qD75yJq6x3e4zL.6qUhHlkASHy', '17812841021', 2, NULL);
INSERT INTO `user` (`id`, `createAt`, `updateAt`, `isDelete`, `enable`, `name`, `realname`, `password`, `cellphone`, `departmentId`, `ip`) VALUES (3, '2023-11-12 16:55:05', '2023-11-12 16:55:05', 0, 1, 'Maske', '马斯克', '$2b$10$NmS8HKLixODnHN6Oceh/HOj7gXh7btfhqie9hxnSu9/L4yly8Z7HG', '17812841021', 2, NULL);
INSERT INTO `user` (`id`, `createAt`, `updateAt`, `isDelete`, `enable`, `name`, `realname`, `password`, `cellphone`, `departmentId`, `ip`) VALUES (4, '2023-11-12 16:55:48', '2023-11-12 16:55:48', 0, 1, 'xiaoming', '小明', '$2b$10$VUXfdAyfBKKTBb758b53Zevtrc1trXgUhfAZ91B2Wq0xloe6pvzGu', '1801232131', 3, NULL);
INSERT INTO `user` (`id`, `createAt`, `updateAt`, `isDelete`, `enable`, `name`, `realname`, `password`, `cellphone`, `departmentId`, `ip`) VALUES (5, '2023-11-12 16:57:12', '2023-11-17 22:07:34', 0, 0, 'xiaozhang', '小张', '$2b$10$kHSiuE4FyC9HHUxRqN/wNejqQNBr.JEaK0dg0O/PxBWrj.njC.sUC', '1801232131', 5, NULL);
INSERT INTO `user` (`id`, `createAt`, `updateAt`, `isDelete`, `enable`, `name`, `realname`, `password`, `cellphone`, `departmentId`, `ip`) VALUES (6, '2023-11-12 16:57:53', '2023-11-17 22:07:34', 0, 0, 'xiaohong', '小红', '$2b$10$mAEYVLmAX1v4Rf9tNiGLLemW01g92rXgO4iosDrX7rn2F6Z9a4LBK', '1801232131', 5, NULL);
INSERT INTO `user` (`id`, `createAt`, `updateAt`, `isDelete`, `enable`, `name`, `realname`, `password`, `cellphone`, `departmentId`, `ip`) VALUES (7, '2023-11-14 22:36:28', '2023-11-14 22:36:47', 1, 1, '已删除_aaaaa_d0de85bd-2c6f-4449-9dec-de528a375dc0', 'aaaaa', '$2b$10$rUaGcCDAILJBdiqoPOKQPOb8XNC5aM56u2/Wikc/4nGRLDBCNCzf2', '123213', 1, NULL);
INSERT INTO `user` (`id`, `createAt`, `updateAt`, `isDelete`, `enable`, `name`, `realname`, `password`, `cellphone`, `departmentId`, `ip`) VALUES (8, '2023-11-14 22:43:29', '2023-11-16 16:21:12', 0, 1, 'aaaaa1', 'asda1', '$2b$10$Y0S2EH4bKx7y.Kb5kU2QCOEqQgDm.t595IVKcaPCx1AXw7zB0hkei', '17396555720', 1, NULL);
INSERT INTO `user` (`id`, `createAt`, `updateAt`, `isDelete`, `enable`, `name`, `realname`, `password`, `cellphone`, `departmentId`, `ip`) VALUES (9, '2023-11-16 16:21:39', '2023-11-17 22:07:34', 0, 0, 'qweasd', 'aa', '$2b$10$ONmu9ejt.T/hZmPdUBQo/.mdx10zNtkqYcc6s4j2x.lmH1nDfX.G2', '21312313', 5, NULL);
INSERT INTO `user` (`id`, `createAt`, `updateAt`, `isDelete`, `enable`, `name`, `realname`, `password`, `cellphone`, `departmentId`, `ip`) VALUES (10, '2023-11-16 20:45:27', '2023-11-17 22:02:25', 1, 0, '已删除_aa11_9a4cb16c-b523-4e2f-8c55-58712f2d016b', 'sdas', '$2b$10$q8G1Z82mhFREjPIV/XiFsue6buNx8ACOosN1ZUPtWLzmYtvpyYMmy', '43139112233', 4, NULL);
INSERT INTO `user` (`id`, `createAt`, `updateAt`, `isDelete`, `enable`, `name`, `realname`, `password`, `cellphone`, `departmentId`, `ip`) VALUES (11, '2023-11-17 18:03:24', '2023-11-17 22:07:34', 1, 0, '已删除_cs_a8ec432a-53c5-4f99-8c89-225f27790e22', 'css', '$2b$10$7XhDryTegGcgsaKZDhMq.eSbfSRFrgoPBzQSGK9dkNd.vaDjWM1ue', '21312313', 5, NULL);


INSERT INTO `role` (`id`, `createAt`, `updateAt`, `isDelete`, `enable`, `name`, `intro`) VALUES (1, '2023-11-12 15:35:47', '2023-11-12 15:35:47', 0, 1, '超级管理员', '所有权限');
INSERT INTO `role` (`id`, `createAt`, `updateAt`, `isDelete`, `enable`, `name`, `intro`) VALUES (2, '2023-11-12 16:12:55', '2023-11-12 16:12:55', 0, 1, '人事', '人事管理');
INSERT INTO `role` (`id`, `createAt`, `updateAt`, `isDelete`, `enable`, `name`, `intro`) VALUES (3, '2023-11-12 16:23:22', '2023-11-12 16:23:22', 0, 1, '运营', '日常事务');
INSERT INTO `role` (`id`, `createAt`, `updateAt`, `isDelete`, `enable`, `name`, `intro`) VALUES (5, '2023-11-12 16:26:56', '2023-11-12 16:26:56', 0, 1, '会计', '会计权限');
INSERT INTO `role` (`id`, `createAt`, `updateAt`, `isDelete`, `enable`, `name`, `intro`) VALUES (6, '2023-11-15 15:59:11', '2023-11-16 20:22:00', 0, 1, '111', '111');
INSERT INTO `role` (`id`, `createAt`, `updateAt`, `isDelete`, `enable`, `name`, `intro`) VALUES (7, '2023-11-15 15:59:31', '2023-11-15 16:20:29', 1, 1, '已删除_cc_fe059bf7-7205-4e27-adb4-5ab65065ca9e', 'cc');
INSERT INTO `role` (`id`, `createAt`, `updateAt`, `isDelete`, `enable`, `name`, `intro`) VALUES (8, '2023-11-16 20:06:54', '2023-11-17 20:26:28', 0, 1, 'aa', 'aaa');
INSERT INTO `role` (`id`, `createAt`, `updateAt`, `isDelete`, `enable`, `name`, `intro`) VALUES (9, '2023-11-16 20:11:51', '2023-11-16 20:12:59', 1, 0, '已删除_zzz_23d7df37-42a0-44e7-a75f-75306fc1233a', 'zz');
INSERT INTO `role` (`id`, `createAt`, `updateAt`, `isDelete`, `enable`, `name`, `intro`) VALUES (10, '2023-11-16 20:48:07', '2023-11-16 20:48:25', 1, 1, '已删除_222_c56f0f0b-eeec-4347-b80a-563848af3e72', '22222222222');
INSERT INTO `role` (`id`, `createAt`, `updateAt`, `isDelete`, `enable`, `name`, `intro`) VALUES (11, '2023-11-16 21:10:52', '2023-11-16 21:32:33', 1, 1, '已删除_cc_63f275cf-0cc4-4594-8060-4d6691f24ff6', 'cc');
INSERT INTO `role` (`id`, `createAt`, `updateAt`, `isDelete`, `enable`, `name`, `intro`) VALUES (12, '2023-11-16 21:33:20', '2023-11-17 19:51:12', 1, 0, '已删除_cccc_8a429699-3db1-4ed8-a708-e66bef495939', 'cccccccc');
INSERT INTO `role` (`id`, `createAt`, `updateAt`, `isDelete`, `enable`, `name`, `intro`) VALUES (13, '2023-11-17 17:58:35', '2023-11-17 18:13:33', 1, 0, '已删除_aq_e1b0d327-5210-432d-ad52-6a533e807809', 'aq');
INSERT INTO `role` (`id`, `createAt`, `updateAt`, `isDelete`, `enable`, `name`, `intro`) VALUES (14, '2023-11-17 20:04:54', '2023-11-17 22:07:25', 0, 1, 'cd', 'a');
INSERT INTO `role` (`id`, `createAt`, `updateAt`, `isDelete`, `enable`, `name`, `intro`) VALUES (15, '2023-11-17 20:32:17', '2023-11-17 20:32:27', 1, 1, '已删除_dd_736b5fb5-b843-497b-8441-b17bb42b07cd', 'dd');


INSERT INTO `department` (`id`, `createAt`, `updateAt`, `isDelete`, `enable`, `name`, `leader`, `parentId`) VALUES (1, '2023-11-12 16:45:10', '2023-11-12 16:45:10', 0, 1, '总裁办', NULL, NULL);
INSERT INTO `department` (`id`, `createAt`, `updateAt`, `isDelete`, `enable`, `name`, `leader`, `parentId`) VALUES (2, '2023-11-12 16:45:36', '2023-11-12 16:45:36', 0, 1, '研发部', NULL, NULL);
INSERT INTO `department` (`id`, `createAt`, `updateAt`, `isDelete`, `enable`, `name`, `leader`, `parentId`) VALUES (3, '2023-11-12 16:45:44', '2023-11-12 16:45:44', 0, 1, '运营部', NULL, NULL);
INSERT INTO `department` (`id`, `createAt`, `updateAt`, `isDelete`, `enable`, `name`, `leader`, `parentId`) VALUES (4, '2023-11-12 16:45:52', '2023-11-17 21:29:04', 0, 1, '客服部', NULL, NULL);
INSERT INTO `department` (`id`, `createAt`, `updateAt`, `isDelete`, `enable`, `name`, `leader`, `parentId`) VALUES (5, '2023-11-12 16:45:59', '2023-11-17 22:08:40', 0, 1, '人事部', '1', 4);
INSERT INTO `department` (`id`, `createAt`, `updateAt`, `isDelete`, `enable`, `name`, `leader`, `parentId`) VALUES (6, '2023-11-15 10:33:41', '2023-11-15 10:33:47', 1, 1, '已删除_aaa_72e71615-5466-46b3-8a4e-59943be2119d', 'aaa', 1);
INSERT INTO `department` (`id`, `createAt`, `updateAt`, `isDelete`, `enable`, `name`, `leader`, `parentId`) VALUES (7, '2023-11-15 10:35:12', '2023-11-15 10:38:35', 1, 1, '已删除_aa_3f3fa2cc-1816-4fb0-9152-bd820c73434a', 'aa', 1);
INSERT INTO `department` (`id`, `createAt`, `updateAt`, `isDelete`, `enable`, `name`, `leader`, `parentId`) VALUES (8, '2023-11-15 15:31:17', '2023-11-16 20:45:33', 1, 1, '已删除_aa1_aff73320-4581-49e5-8254-9d5e26e41ea3', 'a', 1);
INSERT INTO `department` (`id`, `createAt`, `updateAt`, `isDelete`, `enable`, `name`, `leader`, `parentId`) VALUES (9, '2023-11-16 20:32:24', '2023-11-16 20:32:44', 1, 1, '已删除_aa_6dafd738-65dc-4422-95d6-d667daae9a8c', 'aa', 8);
INSERT INTO `department` (`id`, `createAt`, `updateAt`, `isDelete`, `enable`, `name`, `leader`, `parentId`) VALUES (10, '2023-11-17 18:19:30', '2023-11-17 21:21:20', 1, 1, '已删除_aa_5a9ded21-5072-421d-a390-b7c4952bcb7d', 'a', NULL);
INSERT INTO `department` (`id`, `createAt`, `updateAt`, `isDelete`, `enable`, `name`, `leader`, `parentId`) VALUES (11, '2023-11-17 20:04:27', '2023-11-17 20:26:44', 1, 1, '已删除_cc_61b29da5-0bc8-4420-9f7f-e0d0046e0697', 'a', NULL);
INSERT INTO `department` (`id`, `createAt`, `updateAt`, `isDelete`, `enable`, `name`, `leader`, `parentId`) VALUES (12, '2023-11-17 20:32:03', '2023-11-17 20:32:36', 1, 1, '已删除_ddd_1c164ed9-ca6a-46d1-a3ce-bb3babe75203', 'a', NULL);
INSERT INTO `department` (`id`, `createAt`, `updateAt`, `isDelete`, `enable`, `name`, `leader`, `parentId`) VALUES (14, '2023-11-17 20:52:12', '2023-11-17 21:20:52', 1, 1, '已删除_cc_c17929d0-6bb9-4bc3-af68-6040916f2f14', 'aa11', 10);
INSERT INTO `department` (`id`, `createAt`, `updateAt`, `isDelete`, `enable`, `name`, `leader`, `parentId`) VALUES (15, '2023-11-17 21:33:52', '2023-11-17 21:33:59', 1, 1, '已删除_aa_8a8a8223-42a3-4207-95bc-85f22d6c88dc', 'aa', NULL);
INSERT INTO `department` (`id`, `createAt`, `updateAt`, `isDelete`, `enable`, `name`, `leader`, `parentId`) VALUES (16, '2023-11-17 21:33:57', '2023-11-17 21:54:13', 0, 1, 'cc', NULL, 2);


INSERT INTO `menu` (`id`, `createAt`, `updateAt`, `isDelete`, `enable`, `name`, `type`, `url`, `icon`, `sort`, `permission`, `parentId`) VALUES (1, '2023-11-06 19:51:53', '2023-11-06 19:51:53', 0, 1, '系统总览', 1, '/main/analysis', 'el-icon-monitor', 1, NULL, NULL);
INSERT INTO `menu` (`id`, `createAt`, `updateAt`, `isDelete`, `enable`, `name`, `type`, `url`, `icon`, `sort`, `permission`, `parentId`) VALUES (2, '2023-11-06 19:52:50', '2023-11-06 19:52:51', 0, 1, '系统管理', 1, '/main/system', 'el-icon-setting', 2, NULL, NULL);
INSERT INTO `menu` (`id`, `createAt`, `updateAt`, `isDelete`, `enable`, `name`, `type`, `url`, `icon`, `sort`, `permission`, `parentId`) VALUES (3, '2023-11-06 19:53:05', '2023-11-06 19:53:05', 0, 1, '商品中心', 1, '/main/product', 'el-icon-goods', 3, NULL, NULL);
INSERT INTO `menu` (`id`, `createAt`, `updateAt`, `isDelete`, `enable`, `name`, `type`, `url`, `icon`, `sort`, `permission`, `parentId`) VALUES (4, '2023-11-06 19:53:16', '2023-11-06 19:53:16', 0, 1, '随便聊聊', 1, '/main/story', 'el-icon-chat-line-round', 4, NULL, NULL);
INSERT INTO `menu` (`id`, `createAt`, `updateAt`, `isDelete`, `enable`, `name`, `type`, `url`, `icon`, `sort`, `permission`, `parentId`) VALUES (5, '2023-11-06 19:53:59', '2023-11-06 19:53:59', 0, 1, '核心技术', 2, '/main/analysis/overview', NULL, 106, NULL, 1);
INSERT INTO `menu` (`id`, `createAt`, `updateAt`, `isDelete`, `enable`, `name`, `type`, `url`, `icon`, `sort`, `permission`, `parentId`) VALUES (6, '2023-11-06 19:54:13', '2023-11-06 19:54:13', 0, 1, '商品统计', 2, '/main/analysis/dashboard', NULL, 107, NULL, 1);
INSERT INTO `menu` (`id`, `createAt`, `updateAt`, `isDelete`, `enable`, `name`, `type`, `url`, `icon`, `sort`, `permission`, `parentId`) VALUES (7, '2023-11-06 19:54:33', '2023-11-06 19:54:33', 0, 1, '用户管理', 2, '/main/system/user', NULL, 100, NULL, 2);
INSERT INTO `menu` (`id`, `createAt`, `updateAt`, `isDelete`, `enable`, `name`, `type`, `url`, `icon`, `sort`, `permission`, `parentId`) VALUES (8, '2023-11-06 19:54:47', '2023-11-06 19:54:47', 0, 1, '部门管理', 2, '/main/system/department', NULL, 101, NULL, 2);
INSERT INTO `menu` (`id`, `createAt`, `updateAt`, `isDelete`, `enable`, `name`, `type`, `url`, `icon`, `sort`, `permission`, `parentId`) VALUES (9, '2023-11-06 19:55:02', '2023-11-06 19:55:02', 0, 1, '菜单管理', 2, '/main/system/menu', NULL, 103, NULL, 2);
INSERT INTO `menu` (`id`, `createAt`, `updateAt`, `isDelete`, `enable`, `name`, `type`, `url`, `icon`, `sort`, `permission`, `parentId`) VALUES (10, '2023-11-06 19:55:14', '2023-11-06 19:55:14', 0, 1, '角色管理', 2, '/main/system/role', NULL, 102, NULL, 2);
INSERT INTO `menu` (`id`, `createAt`, `updateAt`, `isDelete`, `enable`, `name`, `type`, `url`, `icon`, `sort`, `permission`, `parentId`) VALUES (11, '2023-11-06 19:55:39', '2023-11-06 19:55:39', 0, 1, '商品类别', 2, '/main/product/category', NULL, 104, NULL, 3);
INSERT INTO `menu` (`id`, `createAt`, `updateAt`, `isDelete`, `enable`, `name`, `type`, `url`, `icon`, `sort`, `permission`, `parentId`) VALUES (12, '2023-11-06 19:55:52', '2023-11-06 19:55:52', 0, 1, '商品信息', 2, '/main/product/goods', NULL, 105, NULL, 3);
INSERT INTO `menu` (`id`, `createAt`, `updateAt`, `isDelete`, `enable`, `name`, `type`, `url`, `icon`, `sort`, `permission`, `parentId`) VALUES (13, '2023-11-06 19:56:32', '2023-11-06 19:56:32', 0, 1, '你的故事', 2, '/main/story/chat', NULL, 108, NULL, 4);
INSERT INTO `menu` (`id`, `createAt`, `updateAt`, `isDelete`, `enable`, `name`, `type`, `url`, `icon`, `sort`, `permission`, `parentId`) VALUES (14, '2023-11-06 19:56:39', '2023-11-06 19:56:39', 0, 1, '故事列表', 2, '/main/story/list', NULL, 109, NULL, 4);
INSERT INTO `menu` (`id`, `createAt`, `updateAt`, `isDelete`, `enable`, `name`, `type`, `url`, `icon`, `sort`, `permission`, `parentId`) VALUES (15, '2023-11-06 20:01:34', '2023-11-06 20:13:27', 0, 1, '创建用户', 3, NULL, NULL, NULL, 'system:users:create', 7);
INSERT INTO `menu` (`id`, `createAt`, `updateAt`, `isDelete`, `enable`, `name`, `type`, `url`, `icon`, `sort`, `permission`, `parentId`) VALUES (16, '2023-11-06 20:01:44', '2023-11-06 20:13:34', 0, 1, '删除用户', 3, NULL, NULL, NULL, 'system:users:delete', 7);
INSERT INTO `menu` (`id`, `createAt`, `updateAt`, `isDelete`, `enable`, `name`, `type`, `url`, `icon`, `sort`, `permission`, `parentId`) VALUES (17, '2023-11-06 20:01:51', '2023-11-06 20:13:40', 0, 1, '修改用户', 3, NULL, NULL, NULL, 'system:users:update', 7);
INSERT INTO `menu` (`id`, `createAt`, `updateAt`, `isDelete`, `enable`, `name`, `type`, `url`, `icon`, `sort`, `permission`, `parentId`) VALUES (18, '2023-11-06 20:02:03', '2023-11-06 20:13:47', 0, 1, '查询用户', 3, NULL, NULL, NULL, 'system:users:query', 7);
INSERT INTO `menu` (`id`, `createAt`, `updateAt`, `isDelete`, `enable`, `name`, `type`, `url`, `icon`, `sort`, `permission`, `parentId`) VALUES (19, '2023-11-06 20:03:39', '2023-11-06 20:14:01', 0, 1, '创建部门', 3, NULL, NULL, NULL, 'system:department:create', 8);
INSERT INTO `menu` (`id`, `createAt`, `updateAt`, `isDelete`, `enable`, `name`, `type`, `url`, `icon`, `sort`, `permission`, `parentId`) VALUES (22, '2023-11-06 20:04:09', '2023-11-06 20:14:08', 0, 1, '删除部门', 3, NULL, NULL, NULL, 'system:department:delete', 8);
INSERT INTO `menu` (`id`, `createAt`, `updateAt`, `isDelete`, `enable`, `name`, `type`, `url`, `icon`, `sort`, `permission`, `parentId`) VALUES (23, '2023-11-06 20:04:43', '2023-11-06 20:14:14', 0, 1, '修改部门', 3, NULL, NULL, NULL, 'system:department:update', 8);
INSERT INTO `menu` (`id`, `createAt`, `updateAt`, `isDelete`, `enable`, `name`, `type`, `url`, `icon`, `sort`, `permission`, `parentId`) VALUES (24, '2023-11-06 20:04:52', '2023-11-06 20:14:19', 0, 1, '查询部门', 3, NULL, NULL, NULL, 'system:department:query', 8);
INSERT INTO `menu` (`id`, `createAt`, `updateAt`, `isDelete`, `enable`, `name`, `type`, `url`, `icon`, `sort`, `permission`, `parentId`) VALUES (25, '2023-11-06 20:05:18', '2023-11-06 20:14:30', 0, 1, '创建菜单', 3, NULL, NULL, NULL, 'system:menu:create', 9);
INSERT INTO `menu` (`id`, `createAt`, `updateAt`, `isDelete`, `enable`, `name`, `type`, `url`, `icon`, `sort`, `permission`, `parentId`) VALUES (26, '2023-11-06 20:05:25', '2023-11-06 20:14:37', 0, 1, '删除菜单', 3, NULL, NULL, NULL, 'system:menu:delete', 9);
INSERT INTO `menu` (`id`, `createAt`, `updateAt`, `isDelete`, `enable`, `name`, `type`, `url`, `icon`, `sort`, `permission`, `parentId`) VALUES (27, '2023-11-06 20:05:35', '2023-11-06 20:14:42', 0, 1, '修改菜单', 3, NULL, NULL, NULL, 'system:menu:update', 9);
INSERT INTO `menu` (`id`, `createAt`, `updateAt`, `isDelete`, `enable`, `name`, `type`, `url`, `icon`, `sort`, `permission`, `parentId`) VALUES (28, '2023-11-06 20:05:43', '2023-11-06 20:14:46', 0, 1, '查询菜单', 3, NULL, NULL, NULL, 'system:menu:query', 9);
INSERT INTO `menu` (`id`, `createAt`, `updateAt`, `isDelete`, `enable`, `name`, `type`, `url`, `icon`, `sort`, `permission`, `parentId`) VALUES (29, '2023-11-06 20:06:18', '2023-11-06 20:14:59', 0, 1, '创建角色', 3, NULL, NULL, NULL, 'system:role:create', 10);
INSERT INTO `menu` (`id`, `createAt`, `updateAt`, `isDelete`, `enable`, `name`, `type`, `url`, `icon`, `sort`, `permission`, `parentId`) VALUES (30, '2023-11-06 20:06:24', '2023-11-06 20:15:04', 0, 1, '删除角色', 3, NULL, NULL, NULL, 'system:role:delete', 10);
INSERT INTO `menu` (`id`, `createAt`, `updateAt`, `isDelete`, `enable`, `name`, `type`, `url`, `icon`, `sort`, `permission`, `parentId`) VALUES (31, '2023-11-06 20:06:58', '2023-11-06 20:15:09', 0, 1, '修改角色', 3, NULL, NULL, NULL, 'system:role:update', 10);
INSERT INTO `menu` (`id`, `createAt`, `updateAt`, `isDelete`, `enable`, `name`, `type`, `url`, `icon`, `sort`, `permission`, `parentId`) VALUES (32, '2023-11-06 20:07:09', '2023-11-06 20:15:13', 0, 1, '查询角色', 3, NULL, NULL, NULL, 'system:role:query', 10);
INSERT INTO `menu` (`id`, `createAt`, `updateAt`, `isDelete`, `enable`, `name`, `type`, `url`, `icon`, `sort`, `permission`, `parentId`) VALUES (33, '2023-11-06 20:07:48', '2023-11-06 20:15:23', 0, 1, '创建类别', 3, NULL, NULL, NULL, 'system:category:create', 11);
INSERT INTO `menu` (`id`, `createAt`, `updateAt`, `isDelete`, `enable`, `name`, `type`, `url`, `icon`, `sort`, `permission`, `parentId`) VALUES (34, '2023-11-06 20:07:55', '2023-11-06 20:15:30', 0, 1, '删除类别', 3, NULL, NULL, NULL, 'system:category:delete', 11);
INSERT INTO `menu` (`id`, `createAt`, `updateAt`, `isDelete`, `enable`, `name`, `type`, `url`, `icon`, `sort`, `permission`, `parentId`) VALUES (35, '2023-11-06 20:08:01', '2023-11-06 20:15:36', 0, 1, '修改类别', 3, NULL, NULL, NULL, 'system:category:update', 11);
INSERT INTO `menu` (`id`, `createAt`, `updateAt`, `isDelete`, `enable`, `name`, `type`, `url`, `icon`, `sort`, `permission`, `parentId`) VALUES (36, '2023-11-06 20:08:07', '2023-11-06 20:15:41', 0, 1, '查询类别', 3, NULL, NULL, NULL, 'system:category:query', 11);
INSERT INTO `menu` (`id`, `createAt`, `updateAt`, `isDelete`, `enable`, `name`, `type`, `url`, `icon`, `sort`, `permission`, `parentId`) VALUES (37, '2023-11-06 20:08:51', '2023-11-06 20:15:51', 0, 1, '创建商品', 3, NULL, NULL, NULL, 'system:goods:create', 12);
INSERT INTO `menu` (`id`, `createAt`, `updateAt`, `isDelete`, `enable`, `name`, `type`, `url`, `icon`, `sort`, `permission`, `parentId`) VALUES (38, '2023-11-06 20:08:57', '2023-11-06 20:15:55', 0, 1, '删除商品', 3, NULL, NULL, NULL, 'system:goods:delete', 12);
INSERT INTO `menu` (`id`, `createAt`, `updateAt`, `isDelete`, `enable`, `name`, `type`, `url`, `icon`, `sort`, `permission`, `parentId`) VALUES (39, '2023-11-06 20:09:05', '2023-11-06 20:16:00', 0, 1, '修改商品', 3, NULL, NULL, NULL, 'system:goods:update', 12);
INSERT INTO `menu` (`id`, `createAt`, `updateAt`, `isDelete`, `enable`, `name`, `type`, `url`, `icon`, `sort`, `permission`, `parentId`) VALUES (40, '2023-11-06 20:09:12', '2023-11-06 20:16:05', 0, 1, '查询商品', 3, NULL, NULL, NULL, 'system:goods:query', 12);
INSERT INTO `menu` (`id`, `createAt`, `updateAt`, `isDelete`, `enable`, `name`, `type`, `url`, `icon`, `sort`, `permission`, `parentId`) VALUES (41, '2023-11-06 20:10:05', '2023-11-06 20:16:36', 0, 1, '添加故事', 3, NULL, NULL, NULL, 'system:story:create', 13);
INSERT INTO `menu` (`id`, `createAt`, `updateAt`, `isDelete`, `enable`, `name`, `type`, `url`, `icon`, `sort`, `permission`, `parentId`) VALUES (42, '2023-11-06 20:11:45', '2023-11-06 20:11:46', 0, 1, '删除故事', 3, NULL, NULL, NULL, 'system:story:delete', 13);
INSERT INTO `menu` (`id`, `createAt`, `updateAt`, `isDelete`, `enable`, `name`, `type`, `url`, `icon`, `sort`, `permission`, `parentId`) VALUES (43, '2023-11-06 20:11:59', '2023-11-06 20:11:59', 0, 1, '修改故事', 3, NULL, NULL, NULL, 'system:story:update', 13);
INSERT INTO `menu` (`id`, `createAt`, `updateAt`, `isDelete`, `enable`, `name`, `type`, `url`, `icon`, `sort`, `permission`, `parentId`) VALUES (44, '2023-11-06 20:12:06', '2023-11-06 20:12:06', 0, 1, '查询故事', 3, NULL, NULL, NULL, 'system:story:query', 13);
INSERT INTO `menu` (`id`, `createAt`, `updateAt`, `isDelete`, `enable`, `name`, `type`, `url`, `icon`, `sort`, `permission`, `parentId`) VALUES (45, '2023-11-15 15:40:33', '2023-11-16 12:29:51', 1, 1, '已删除_asdasda_c89d6fa0-8438-11ee-bcea-ad098d4d6eac', 1, 'asdsa', '1', 11, '11', NULL);
INSERT INTO `menu` (`id`, `createAt`, `updateAt`, `isDelete`, `enable`, `name`, `type`, `url`, `icon`, `sort`, `permission`, `parentId`) VALUES (46, '2023-11-15 16:57:16', '2023-11-15 17:58:53', 1, 0, '已删除_111_95b11a60-839d-11ee-a102-db743abe7708', 2, '22', '2', 2, '1', 45);
INSERT INTO `menu` (`id`, `createAt`, `updateAt`, `isDelete`, `enable`, `name`, `type`, `url`, `icon`, `sort`, `permission`, `parentId`) VALUES (47, '2023-11-16 16:07:14', '2023-11-16 20:42:17', 1, 1, '已删除_a_93977860-847d-11ee-85da-39d122b2ded2', 1, 'asda', 'el-icon-basketball', 123, NULL, NULL);
INSERT INTO `menu` (`id`, `createAt`, `updateAt`, `isDelete`, `enable`, `name`, `type`, `url`, `icon`, `sort`, `permission`, `parentId`) VALUES (48, '2023-11-16 20:47:33', '2023-11-16 20:55:26', 1, 1, '已删除_asa_6a096e20-847f-11ee-afee-1fd10a9759c7', 1, '123', 'el-icon-chat-line-square', 123, '2', NULL);
INSERT INTO `menu` (`id`, `createAt`, `updateAt`, `isDelete`, `enable`, `name`, `type`, `url`, `icon`, `sort`, `permission`, `parentId`) VALUES (49, '2023-11-16 20:56:46', '2023-11-16 20:57:26', 1, 1, '已删除_asdas_b1381620-847f-11ee-afee-1fd10a9759c7', 1, 'asa', 'el-icon-bicycle', 1, '1', NULL);
INSERT INTO `menu` (`id`, `createAt`, `updateAt`, `isDelete`, `enable`, `name`, `type`, `url`, `icon`, `sort`, `permission`, `parentId`) VALUES (50, '2023-11-16 20:58:32', '2023-11-16 20:59:29', 1, 1, '已删除_cccc_faabcc20-847f-11ee-8313-9b4db0d015bb', 1, 'asd', 'el-icon-camera-filled', 1, NULL, NULL);
INSERT INTO `menu` (`id`, `createAt`, `updateAt`, `isDelete`, `enable`, `name`, `type`, `url`, `icon`, `sort`, `permission`, `parentId`) VALUES (51, '2023-11-16 21:00:52', '2023-11-16 21:01:20', 1, 1, '已删除_aa_3d003c50-8480-11ee-8313-9b4db0d015bb', 1, '1', 'el-icon-bowl', 1, NULL, NULL);
INSERT INTO `menu` (`id`, `createAt`, `updateAt`, `isDelete`, `enable`, `name`, `type`, `url`, `icon`, `sort`, `permission`, `parentId`) VALUES (52, '2023-11-16 21:08:34', '2023-11-16 21:08:53', 1, 1, '已删除_asd_4aa24460-8481-11ee-b9f8-eb61273d5dac', 1, 'asdsa', 'el-icon-calendar', 1, '1', NULL);
INSERT INTO `menu` (`id`, `createAt`, `updateAt`, `isDelete`, `enable`, `name`, `type`, `url`, `icon`, `sort`, `permission`, `parentId`) VALUES (53, '2023-11-16 21:10:43', '2023-11-16 21:11:01', 1, 1, '已删除_vv_972e8500-8481-11ee-b9f8-eb61273d5dac', 1, '11', 'el-icon-camera-filled', 11, NULL, NULL);
INSERT INTO `menu` (`id`, `createAt`, `updateAt`, `isDelete`, `enable`, `name`, `type`, `url`, `icon`, `sort`, `permission`, `parentId`) VALUES (54, '2023-11-16 21:11:36', '2023-11-16 21:14:08', 1, 1, '已删除_cccd_069b73d0-8482-11ee-bf85-a183095fd0f1', 1, 'c', 'el-icon-bottom-left', 1, NULL, NULL);
INSERT INTO `menu` (`id`, `createAt`, `updateAt`, `isDelete`, `enable`, `name`, `type`, `url`, `icon`, `sort`, `permission`, `parentId`) VALUES (55, '2023-11-16 21:12:36', '2023-11-16 21:15:29', 1, 1, '已删除_ccccasdad_36923330-8482-11ee-bf85-a183095fd0f1', 1, 'a', 'el-icon-camera', 1, NULL, NULL);
INSERT INTO `menu` (`id`, `createAt`, `updateAt`, `isDelete`, `enable`, `name`, `type`, `url`, `icon`, `sort`, `permission`, `parentId`) VALUES (56, '2023-11-16 21:28:29', '2023-11-16 21:32:38', 1, 1, '已删除_ddcc_9c2e65e0-8484-11ee-97f5-31c67e82ff13', 1, 'c', 'el-icon-arrow-up', 11, NULL, NULL);
INSERT INTO `menu` (`id`, `createAt`, `updateAt`, `isDelete`, `enable`, `name`, `type`, `url`, `icon`, `sort`, `permission`, `parentId`) VALUES (57, '2023-11-16 21:33:10', '2023-11-16 21:36:02', 1, 1, '已删除_aaacd_15e637f0-8485-11ee-8f62-2dcd100be20f', 1, '1a', 'el-icon-bell-filled', 1, NULL, NULL);
INSERT INTO `menu` (`id`, `createAt`, `updateAt`, `isDelete`, `enable`, `name`, `type`, `url`, `icon`, `sort`, `permission`, `parentId`) VALUES (58, '2023-11-17 17:52:24', '2023-11-17 21:20:33', 1, 1, '已删除_aa_165fa640-854c-11ee-bdae-41a396f104a2', 1, '1', 'el-icon-arrow-right-bold', 1, NULL, NULL);



INSERT INTO `user_role` (`userId`, `roleId`) VALUES (1, 1);
INSERT INTO `user_role` (`userId`, `roleId`) VALUES (2, 1);
INSERT INTO `user_role` (`userId`, `roleId`) VALUES (3, 2);
INSERT INTO `user_role` (`userId`, `roleId`) VALUES (4, 3);
INSERT INTO `user_role` (`userId`, `roleId`) VALUES (5, 5);
INSERT INTO `user_role` (`userId`, `roleId`) VALUES (6, 3);
INSERT INTO `user_role` (`userId`, `roleId`) VALUES (7, 1);
INSERT INTO `user_role` (`userId`, `roleId`) VALUES (8, 6);
INSERT INTO `user_role` (`userId`, `roleId`) VALUES (9, 14);
INSERT INTO `user_role` (`userId`, `roleId`) VALUES (10, 14);
INSERT INTO `user_role` (`userId`, `roleId`) VALUES (11, 13);


INSERT INTO `role_menu` (`menuId`, `roleId`) VALUES (1, 5);
INSERT INTO `role_menu` (`menuId`, `roleId`) VALUES (2, 2);
INSERT INTO `role_menu` (`menuId`, `roleId`) VALUES (2, 3);
INSERT INTO `role_menu` (`menuId`, `roleId`) VALUES (3, 2);
INSERT INTO `role_menu` (`menuId`, `roleId`) VALUES (3, 5);
INSERT INTO `role_menu` (`menuId`, `roleId`) VALUES (5, 5);
INSERT INTO `role_menu` (`menuId`, `roleId`) VALUES (6, 5);
INSERT INTO `role_menu` (`menuId`, `roleId`) VALUES (7, 2);
INSERT INTO `role_menu` (`menuId`, `roleId`) VALUES (7, 3);
INSERT INTO `role_menu` (`menuId`, `roleId`) VALUES (8, 2);
INSERT INTO `role_menu` (`menuId`, `roleId`) VALUES (8, 3);
INSERT INTO `role_menu` (`menuId`, `roleId`) VALUES (9, 2);
INSERT INTO `role_menu` (`menuId`, `roleId`) VALUES (9, 3);
INSERT INTO `role_menu` (`menuId`, `roleId`) VALUES (10, 2);
INSERT INTO `role_menu` (`menuId`, `roleId`) VALUES (10, 3);
INSERT INTO `role_menu` (`menuId`, `roleId`) VALUES (11, 2);
INSERT INTO `role_menu` (`menuId`, `roleId`) VALUES (11, 5);
INSERT INTO `role_menu` (`menuId`, `roleId`) VALUES (12, 2);
INSERT INTO `role_menu` (`menuId`, `roleId`) VALUES (12, 5);
INSERT INTO `role_menu` (`menuId`, `roleId`) VALUES (15, 2);
INSERT INTO `role_menu` (`menuId`, `roleId`) VALUES (15, 3);
INSERT INTO `role_menu` (`menuId`, `roleId`) VALUES (16, 2);
INSERT INTO `role_menu` (`menuId`, `roleId`) VALUES (16, 3);
INSERT INTO `role_menu` (`menuId`, `roleId`) VALUES (17, 2);
INSERT INTO `role_menu` (`menuId`, `roleId`) VALUES (17, 3);
INSERT INTO `role_menu` (`menuId`, `roleId`) VALUES (18, 2);
INSERT INTO `role_menu` (`menuId`, `roleId`) VALUES (18, 3);
INSERT INTO `role_menu` (`menuId`, `roleId`) VALUES (19, 2);
INSERT INTO `role_menu` (`menuId`, `roleId`) VALUES (19, 3);
INSERT INTO `role_menu` (`menuId`, `roleId`) VALUES (22, 2);
INSERT INTO `role_menu` (`menuId`, `roleId`) VALUES (22, 3);
INSERT INTO `role_menu` (`menuId`, `roleId`) VALUES (23, 2);
INSERT INTO `role_menu` (`menuId`, `roleId`) VALUES (23, 3);
INSERT INTO `role_menu` (`menuId`, `roleId`) VALUES (24, 2);
INSERT INTO `role_menu` (`menuId`, `roleId`) VALUES (24, 3);
INSERT INTO `role_menu` (`menuId`, `roleId`) VALUES (25, 2);
INSERT INTO `role_menu` (`menuId`, `roleId`) VALUES (25, 3);
INSERT INTO `role_menu` (`menuId`, `roleId`) VALUES (26, 2);
INSERT INTO `role_menu` (`menuId`, `roleId`) VALUES (26, 3);
INSERT INTO `role_menu` (`menuId`, `roleId`) VALUES (27, 2);
INSERT INTO `role_menu` (`menuId`, `roleId`) VALUES (27, 3);
INSERT INTO `role_menu` (`menuId`, `roleId`) VALUES (28, 2);
INSERT INTO `role_menu` (`menuId`, `roleId`) VALUES (28, 3);
INSERT INTO `role_menu` (`menuId`, `roleId`) VALUES (29, 2);
INSERT INTO `role_menu` (`menuId`, `roleId`) VALUES (29, 3);
INSERT INTO `role_menu` (`menuId`, `roleId`) VALUES (30, 2);
INSERT INTO `role_menu` (`menuId`, `roleId`) VALUES (30, 3);
INSERT INTO `role_menu` (`menuId`, `roleId`) VALUES (31, 2);
INSERT INTO `role_menu` (`menuId`, `roleId`) VALUES (31, 3);
INSERT INTO `role_menu` (`menuId`, `roleId`) VALUES (32, 2);
INSERT INTO `role_menu` (`menuId`, `roleId`) VALUES (32, 3);
INSERT INTO `role_menu` (`menuId`, `roleId`) VALUES (33, 2);
INSERT INTO `role_menu` (`menuId`, `roleId`) VALUES (33, 5);
INSERT INTO `role_menu` (`menuId`, `roleId`) VALUES (34, 2);
INSERT INTO `role_menu` (`menuId`, `roleId`) VALUES (34, 5);
INSERT INTO `role_menu` (`menuId`, `roleId`) VALUES (35, 2);
INSERT INTO `role_menu` (`menuId`, `roleId`) VALUES (35, 5);
INSERT INTO `role_menu` (`menuId`, `roleId`) VALUES (36, 2);
INSERT INTO `role_menu` (`menuId`, `roleId`) VALUES (36, 5);
INSERT INTO `role_menu` (`menuId`, `roleId`) VALUES (37, 2);
INSERT INTO `role_menu` (`menuId`, `roleId`) VALUES (37, 5);
INSERT INTO `role_menu` (`menuId`, `roleId`) VALUES (38, 2);
INSERT INTO `role_menu` (`menuId`, `roleId`) VALUES (38, 5);
INSERT INTO `role_menu` (`menuId`, `roleId`) VALUES (39, 2);
INSERT INTO `role_menu` (`menuId`, `roleId`) VALUES (39, 5);
INSERT INTO `role_menu` (`menuId`, `roleId`) VALUES (40, 2);
INSERT INTO `role_menu` (`menuId`, `roleId`) VALUES (40, 5);
INSERT INTO `role_menu` (`menuId`, `roleId`) VALUES (48, 10);


INSERT INTO `goods_category` (`id`, `createAt`, `updateAt`, `isDelete`, `enable`, `name`) VALUES (1, '2023-11-12 22:59:17', '2023-11-12 22:59:17', 0, 1, '上衣');
INSERT INTO `goods_category` (`id`, `createAt`, `updateAt`, `isDelete`, `enable`, `name`) VALUES (2, '2023-11-12 22:59:32', '2023-11-12 23:01:05', 0, 1, '裤子');
INSERT INTO `goods_category` (`id`, `createAt`, `updateAt`, `isDelete`, `enable`, `name`) VALUES (3, '2023-11-12 23:03:17', '2023-11-14 19:36:03', 0, 1, '鞋子');
INSERT INTO `goods_category` (`id`, `createAt`, `updateAt`, `isDelete`, `enable`, `name`) VALUES (4, '2023-11-12 23:03:24', '2023-11-14 19:36:05', 0, 1, '裙子');
INSERT INTO `goods_category` (`id`, `createAt`, `updateAt`, `isDelete`, `enable`, `name`) VALUES (5, '2023-11-12 23:03:32', '2023-11-14 19:36:06', 0, 1, '女装');
INSERT INTO `goods_category` (`id`, `createAt`, `updateAt`, `isDelete`, `enable`, `name`) VALUES (6, '2023-11-12 23:03:38', '2023-11-14 19:36:08', 0, 1, '男装');
INSERT INTO `goods_category` (`id`, `createAt`, `updateAt`, `isDelete`, `enable`, `name`) VALUES (7, '2023-11-12 23:15:13', '2023-11-14 19:36:10', 0, 1, '冬装');
INSERT INTO `goods_category` (`id`, `createAt`, `updateAt`, `isDelete`, `enable`, `name`) VALUES (8, '2023-11-14 19:30:01', '2023-11-14 19:36:12', 0, 1, '运动服');
INSERT INTO `goods_category` (`id`, `createAt`, `updateAt`, `isDelete`, `enable`, `name`) VALUES (11, '2023-11-15 11:25:19', '2023-11-15 11:25:22', 1, 1, '已删除_aa_f54d5615-fe74-4323-8632-e292242dbac2');
INSERT INTO `goods_category` (`id`, `createAt`, `updateAt`, `isDelete`, `enable`, `name`) VALUES (12, '2023-11-15 16:25:28', '2023-11-17 13:31:18', 1, 1, '已删除_sads11_e3cb1056-b271-4df5-a4f8-445fa3a0a7fc');
INSERT INTO `goods_category` (`id`, `createAt`, `updateAt`, `isDelete`, `enable`, `name`) VALUES (13, '2023-11-16 20:44:12', '2023-11-16 23:24:38', 1, 1, '已删除_asa_428b92af-f668-4929-ac04-e4e82c702ab6');
INSERT INTO `goods_category` (`id`, `createAt`, `updateAt`, `isDelete`, `enable`, `name`) VALUES (14, '2023-11-17 14:10:04', '2023-11-17 14:11:15', 1, 1, '已删除_aaaaa_8247b9ef-c406-4392-b075-989daac2f18a');
INSERT INTO `goods_category` (`id`, `createAt`, `updateAt`, `isDelete`, `enable`, `name`) VALUES (15, '2023-11-17 14:11:32', '2023-11-17 14:19:15', 1, 1, '已删除_aaaa_e71c4233-7623-40d3-a603-f3ec1da7777e');
INSERT INTO `goods_category` (`id`, `createAt`, `updateAt`, `isDelete`, `enable`, `name`) VALUES (16, '2023-11-17 14:19:27', '2023-11-17 15:15:01', 1, 1, '已删除_aaa_0c5ed151-7e66-4aa1-9add-0b5cf065a1ae');
INSERT INTO `goods_category` (`id`, `createAt`, `updateAt`, `isDelete`, `enable`, `name`) VALUES (17, '2023-11-17 15:23:47', '2023-11-17 15:37:43', 1, 1, '已删除_aadv_bffde79b-933f-430f-bd9e-a5c1c8ca5732');
INSERT INTO `goods_category` (`id`, `createAt`, `updateAt`, `isDelete`, `enable`, `name`) VALUES (18, '2023-11-17 15:39:07', '2023-11-17 16:28:55', 1, 0, '已删除_a_b0b86ff1-94d8-4bc8-93ac-d496691bf6fa');
INSERT INTO `goods_category` (`id`, `createAt`, `updateAt`, `isDelete`, `enable`, `name`) VALUES (19, '2023-11-17 16:44:27', '2023-11-17 22:10:15', 0, 0, 'aac');



INSERT INTO `goods_info` (`id`, `createAt`, `updateAt`, `isDelete`, `status`, `name`, `desc`, `oldPrice`, `newPrice`, `imgUrl`, `inventoryCount`, `saleCount`, `favorCount`, `address`, `categoryId`) VALUES (7, '2023-11-14 00:00:00', '2023-11-14 20:30:52', 0, 1, '秋装女2018新款早秋女装裙子韩版针织连衣裙+衬衫上衣时尚套装', '秋装女2018新款早秋女装裙子韩版针织连衣裙+衬衫上衣时尚套装', 127, 89, 'http://s3.mogucdn.com/mlcdn/c45406/180828_550k23i82cbibh32602fl43jc9aid_800x1200.jpg_560x999.jpg', 4044, 32070, 179, '上海', 1);
INSERT INTO `goods_info` (`id`, `createAt`, `updateAt`, `isDelete`, `status`, `name`, `desc`, `oldPrice`, `newPrice`, `imgUrl`, `inventoryCount`, `saleCount`, `favorCount`, `address`, `categoryId`) VALUES (8, '2023-11-14 00:00:00', '2023-11-14 20:30:52', 0, 1, '套装女春秋2018新款时尚复古气质个性连帽卫衣两件套', '套装女春秋2018新款时尚复古气质个性连帽卫衣两件套', 211, 148, 'http://s3.mogucdn.com/mlcdn/c45406/180825_4figj590flej05g556d6ll8ka09a7_640x902.jpg_560x999.jpg', 3703, 28990, 93, '南京', 1);
INSERT INTO `goods_info` (`id`, `createAt`, `updateAt`, `isDelete`, `status`, `name`, `desc`, `oldPrice`, `newPrice`, `imgUrl`, `inventoryCount`, `saleCount`, `favorCount`, `address`, `categoryId`) VALUES (11, '2023-11-14 00:00:00', '2023-11-14 20:30:52', 0, 1, '时尚套装两件套2018韩版网红社会宽松连帽卫衣+高腰显瘦开叉半身裙学院风休闲秋装女套装新款', '时尚套装两件套2018韩版网红社会宽松连帽卫衣+高腰显瘦开叉半身裙学院风休闲秋装女套装新款', 199, 98, 'http://s3.mogucdn.com/mlcdn/c45406/180914_3aabiea9jgkj2a7hlgfie4011bljj_640x960.jpg_560x999.jpg', 1092, 23765, 276, '郑州', 1);
INSERT INTO `goods_info` (`id`, `createAt`, `updateAt`, `isDelete`, `status`, `name`, `desc`, `oldPrice`, `newPrice`, `imgUrl`, `inventoryCount`, `saleCount`, `favorCount`, `address`, `categoryId`) VALUES (13, '2023-11-14 00:00:00', '2023-11-14 20:30:52', 0, 1, '哈伦裤女秋季2018新款韩版学生显瘦雪纺薄款休闲裤女宽松黑色西装西裤九分裤夏小脚萝卜烟管裤', '哈伦裤女秋季2018新款韩版学生显瘦雪纺薄款休闲裤女宽松黑色西装西裤九分裤夏小脚萝卜烟管裤', 69, 48, 'http://s11.mogucdn.com/mlcdn/17f85e/180902_2cefh0g12jk4i71bg270843d39l8j_640x960.jpg_560x999.jpg', 5825, 2191, 4040, '广州', 1);
INSERT INTO `goods_info` (`id`, `createAt`, `updateAt`, `isDelete`, `status`, `name`, `desc`, `oldPrice`, `newPrice`, `imgUrl`, `inventoryCount`, `saleCount`, `favorCount`, `address`, `categoryId`) VALUES (14, '2023-11-14 00:00:00', '2023-11-14 20:30:52', 0, 1, '2018春秋季韩版新款条纹外穿内搭上衣打底吊带百搭无袖T恤针织背心女', '2018春秋季韩版新款条纹外穿内搭上衣打底吊带百搭无袖T恤针织背心女', 41, 29, 'http://s11.mogucdn.com/mlcdn/c45406/180521_5ijdcl888016gfaag2id2e0g8l19j_640x960.jpg_560x999.jpg', 6201, 2150, 10947, '西安', 1);
INSERT INTO `goods_info` (`id`, `createAt`, `updateAt`, `isDelete`, `status`, `name`, `desc`, `oldPrice`, `newPrice`, `imgUrl`, `inventoryCount`, `saleCount`, `favorCount`, `address`, `categoryId`) VALUES (15, '2023-11-14 00:00:00', '2023-11-14 20:30:52', 0, 1, '雪纺阔腿裤女夏2018新款裤子黑色韩版休闲裤女七分宽松直筒高腰秋冬秋季九分宽腿裤', '雪纺阔腿裤女夏2018新款裤子黑色韩版休闲裤女七分宽松直筒高腰秋冬秋季九分宽腿裤', 69, 48, 'http://s3.mogucdn.com/mlcdn/17f85e/180902_1gd2jld5b1g6dfl57da4jdj07alac_640x960.jpg_560x999.jpg', 8517, 1984, 5041, '长沙', 1);
INSERT INTO `goods_info` (`id`, `createAt`, `updateAt`, `isDelete`, `status`, `name`, `desc`, `oldPrice`, `newPrice`, `imgUrl`, `inventoryCount`, `saleCount`, `favorCount`, `address`, `categoryId`) VALUES (16, '2023-11-14 00:00:00', '2023-11-14 20:30:52', 0, 1, '长袖/短袖T恤女2018新款棉质学生宽松韩版夏季可爱卡通猫咪印花纯色百搭打底衫上衣女潮', '长袖/短袖T恤女2018新款棉质学生宽松韩版夏季可爱卡通猫咪印花纯色百搭打底衫上衣女潮', 52, 52, 'http://s11.mogucdn.com/mlcdn/c45406/180423_54e410ebffkj73cah5e513584b5fb_800x800.jpg_560x999.jpg', 4835, 1856, 3658, '昆明', 1);
INSERT INTO `goods_info` (`id`, `createAt`, `updateAt`, `isDelete`, `status`, `name`, `desc`, `oldPrice`, `newPrice`, `imgUrl`, `inventoryCount`, `saleCount`, `favorCount`, `address`, `categoryId`) VALUES (17, '2023-11-14 00:00:00', '2023-11-14 20:30:52', 0, 1, '网红同款实拍秋季女装2018新款女初恋复古中长款针织连衣裙半身裙时尚套装两件套', '网红同款实拍秋季女装2018新款女初恋复古中长款针织连衣裙半身裙时尚套装两件套', 369, 119, 'http://s11.mogucdn.com/mlcdn/c45406/180917_24666f4kgi486191382ikh2lhc8cg_640x862.jpg_560x999.jpg', 7956, 21355, 162, '武汉', 1);
INSERT INTO `goods_info` (`id`, `createAt`, `updateAt`, `isDelete`, `status`, `name`, `desc`, `oldPrice`, `newPrice`, `imgUrl`, `inventoryCount`, `saleCount`, `favorCount`, `address`, `categoryId`) VALUES (18, '2023-11-14 00:00:00', '2023-11-14 20:30:52', 0, 1, '2018秋冬新款ins超火针织时尚两件套小香风套装女', '2018秋冬新款ins超火针织时尚两件套小香风套装女', 154, 108, 'http://s3.mogucdn.com/mlcdn/c45406/180815_81dj3id2i70kfeh4eekd94k9ij0k4_640x913.jpg_560x999.jpg', 2729, 20288, 9, '重庆', 1);
INSERT INTO `goods_info` (`id`, `createAt`, `updateAt`, `isDelete`, `status`, `name`, `desc`, `oldPrice`, `newPrice`, `imgUrl`, `inventoryCount`, `saleCount`, `favorCount`, `address`, `categoryId`) VALUES (22, '2023-11-14 00:00:00', '2023-11-14 20:30:52', 0, 1, 'chic港味秋装女套装新款2018韩版格子西装外套+显瘦高腰破洞小脚裤学院风时尚套装两件套', 'chic港味秋装女套装新款2018韩版格子西装外套+显瘦高腰破洞小脚裤学院风时尚套装两件套', 79, 55, 'http://s11.mogucdn.com/mlcdn/c45406/180914_4k0k14g1608gc04k3jh1c6jac47fi_640x960.jpg_560x999.jpg', 4106, 19993, 173, '郑州', 1);
INSERT INTO `goods_info` (`id`, `createAt`, `updateAt`, `isDelete`, `status`, `name`, `desc`, `oldPrice`, `newPrice`, `imgUrl`, `inventoryCount`, `saleCount`, `favorCount`, `address`, `categoryId`) VALUES (23, '2023-11-14 00:00:00', '2023-11-14 20:30:52', 0, 1, '杨幂明星同款2018新款白色ins超火短袖t恤女字母宽松纯棉百搭上衣', '杨幂明星同款2018新款白色ins超火短袖t恤女字母宽松纯棉百搭上衣', 54, 37, 'http://s11.mogucdn.com/mlcdn/c45406/180624_6jb1g4kg6i1ab4i4g0echaia49i87_640x960.png_560x999.jpg', 7052, 1557, 1561, '沈阳', 1);
INSERT INTO `goods_info` (`id`, `createAt`, `updateAt`, `isDelete`, `status`, `name`, `desc`, `oldPrice`, `newPrice`, `imgUrl`, `inventoryCount`, `saleCount`, `favorCount`, `address`, `categoryId`) VALUES (24, '2023-11-14 00:00:00', '2023-11-14 20:30:52', 0, 1, '2018春秋季新款韩版原宿风闺蜜装圆领套头短袖t恤女中长款纯色百搭上衣宽松大码学生半袖体恤', '2018春秋季新款韩版原宿风闺蜜装圆领套头短袖t恤女中长款纯色百搭上衣宽松大码学生半袖体恤', 70, 49, 'http://s3.mogucdn.com/mlcdn/c45406/180514_104a5k2f09808h371j8b3h299e870_640x960.jpg_560x999.jpg', 4621, 1532, 3961, '宁波', 1);
INSERT INTO `goods_info` (`id`, `createAt`, `updateAt`, `isDelete`, `status`, `name`, `desc`, `oldPrice`, `newPrice`, `imgUrl`, `inventoryCount`, `saleCount`, `favorCount`, `address`, `categoryId`) VALUES (26, '2023-11-14 00:00:00', '2023-11-14 20:30:52', 0, 1, '2018春秋季新款女装韩版宽松短袖t恤女chic半袖打底条纹体恤上衣', '2018春秋季新款女装韩版宽松短袖t恤女chic半袖打底条纹体恤上衣', 50, 35, 'http://s11.mogucdn.com/mlcdn/c45406/180512_3e1962h3haa801048j1gi21024031_640x960.jpg_560x999.jpg', 3488, 1323, 1785, '宁波', 1);
INSERT INTO `goods_info` (`id`, `createAt`, `updateAt`, `isDelete`, `status`, `name`, `desc`, `oldPrice`, `newPrice`, `imgUrl`, `inventoryCount`, `saleCount`, `favorCount`, `address`, `categoryId`) VALUES (27, '2023-11-14 00:00:00', '2023-11-14 20:30:52', 0, 1, '中长款长袖连衣裙秋装新款2018韩版休闲胖mm大码女装裙子女学生宽松松垮垮中长款卫衣裙外套', '中长款长袖连衣裙秋装新款2018韩版休闲胖mm大码女装裙子女学生宽松松垮垮中长款卫衣裙外套', 168, 54, 'http://s3.mogucdn.com/mlcdn/c45406/180916_4di1ek7k3kha3klk02185678b025d_640x960.jpg_560x999.jpg', 7620, 19045, 156, '宁波', 1);
INSERT INTO `goods_info` (`id`, `createAt`, `updateAt`, `isDelete`, `status`, `name`, `desc`, `oldPrice`, `newPrice`, `imgUrl`, `inventoryCount`, `saleCount`, `favorCount`, `address`, `categoryId`) VALUES (28, '2023-11-14 00:00:00', '2023-11-14 20:30:52', 0, 1, '2018秋新款韩版时尚简约系带显瘦条纹系带西服套装女', '2018秋新款韩版时尚简约系带显瘦条纹系带西服套装女', 154, 108, 'http://s11.mogucdn.com/mlcdn/c45406/180815_7ff4fbk769cc2d1c2l494ie7j5jke_640x908.jpg_560x999.jpg', 10501, 17587, 22, '宁波', 1);
INSERT INTO `goods_info` (`id`, `createAt`, `updateAt`, `isDelete`, `status`, `name`, `desc`, `oldPrice`, `newPrice`, `imgUrl`, `inventoryCount`, `saleCount`, `favorCount`, `address`, `categoryId`) VALUES (29, '2023-11-14 00:00:00', '2023-11-14 20:30:52', 0, 1, '送运费险短袖t恤女2018夏季新款女装韩版时尚气质百搭ulzzang学生百搭小心机纯色上衣', '送运费险短袖t恤女2018夏季新款女装韩版时尚气质百搭ulzzang学生百搭小心机纯色上衣', 57, 40, 'http://s11.mogucdn.com/mlcdn/c45406/180621_00e5i2711h0de8lhe4568kkie9d90_640x960.jpg_560x999.jpg', 10812, 1300, 2017, '郑州', 1);
INSERT INTO `goods_info` (`id`, `createAt`, `updateAt`, `isDelete`, `status`, `name`, `desc`, `oldPrice`, `newPrice`, `imgUrl`, `inventoryCount`, `saleCount`, `favorCount`, `address`, `categoryId`) VALUES (30, '2023-11-14 00:00:00', '2023-11-14 20:30:52', 0, 1, '【时尚套装】2018秋款新款牛仔背带裙女夏吊带连衣裙搭配T恤新款小清新两件套女', '【时尚套装】2018秋款新款牛仔背带裙女夏吊带连衣裙搭配T恤新款小清新两件套女', 99, 69, 'http://s3.mogucdn.com/mlcdn/c45406/180821_044abj5e7h2icfgijb053661lle8f_800x800.jpg_560x999.jpg', 4166, 1136, 2517, '苏州', 1);
INSERT INTO `goods_info` (`id`, `createAt`, `updateAt`, `isDelete`, `status`, `name`, `desc`, `oldPrice`, `newPrice`, `imgUrl`, `inventoryCount`, `saleCount`, `favorCount`, `address`, `categoryId`) VALUES (31, '2023-11-14 00:00:00', '2023-11-14 20:30:52', 0, 1, '秋季新款套装两件套秋装2018新款韩版chic泡泡袖衬衫上衣+高腰显瘦牛仔裤学院风时尚套装', '秋季新款套装两件套秋装2018新款韩版chic泡泡袖衬衫上衣+高腰显瘦牛仔裤学院风时尚套装', 69, 48, 'http://s3.mogucdn.com/mlcdn/c45406/180910_72kcibhh4i275l73ik681kbed19aj_640x960.jpg_560x999.jpg', 5513, 17225, 2, '西安', 1);
INSERT INTO `goods_info` (`id`, `createAt`, `updateAt`, `isDelete`, `status`, `name`, `desc`, `oldPrice`, `newPrice`, `imgUrl`, `inventoryCount`, `saleCount`, `favorCount`, `address`, `categoryId`) VALUES (32, '2023-11-14 00:00:00', '2023-11-14 20:30:52', 0, 1, '2018新款时尚百搭黑色宽松机车皮夹克+网纱半身裙套装两件套', '2018新款时尚百搭黑色宽松机车皮夹克+网纱半身裙套装两件套', 226, 158, 'http://s3.mogucdn.com/mlcdn/55cf19/180917_7e2fdc2d8131698jkg69c9586lkel_640x960.jpg_560x999.jpg', 1589, 16985, 28, '西安', 1);
INSERT INTO `goods_info` (`id`, `createAt`, `updateAt`, `isDelete`, `status`, `name`, `desc`, `oldPrice`, `newPrice`, `imgUrl`, `inventoryCount`, `saleCount`, `favorCount`, `address`, `categoryId`) VALUES (33, '2023-11-14 00:00:00', '2023-11-14 20:30:52', 0, 1, '2018新款女装秋装简约衬衫女长袖雪纺上衣百搭纯色韩范打底衬衣女', '2018新款女装秋装简约衬衫女长袖雪纺上衣百搭纯色韩范打底衬衣女', 80, 56, 'http://s3.mogucdn.com/mlcdn/c45406/180411_7ei8d3aabhkkg5b6312gh1ckak8f1_640x960.jpg_560x999.jpg', 2145, 958, 3203, '青岛', 1);
INSERT INTO `goods_info` (`id`, `createAt`, `updateAt`, `isDelete`, `status`, `name`, `desc`, `oldPrice`, `newPrice`, `imgUrl`, `inventoryCount`, `saleCount`, `favorCount`, `address`, `categoryId`) VALUES (34, '2023-11-14 00:00:00', '2023-11-14 20:30:52', 0, 1, '雪纺阔腿裤女春夏高腰黑色韩版2018新款九分宽松显瘦度假沙滩裤裙', '雪纺阔腿裤女春夏高腰黑色韩版2018新款九分宽松显瘦度假沙滩裤裙', 70, 49, 'http://s3.mogucdn.com/mlcdn/17f85e/180529_3bfb1bf04i91k9iaaj78ck4k4k814_640x960.jpg_560x999.jpg', 4174, 814, 1941, '成都', 1);
INSERT INTO `goods_info` (`id`, `createAt`, `updateAt`, `isDelete`, `status`, `name`, `desc`, `oldPrice`, `newPrice`, `imgUrl`, `inventoryCount`, `saleCount`, `favorCount`, `address`, `categoryId`) VALUES (35, '2023-11-14 00:00:00', '2023-11-14 20:30:52', 0, 1, '2018夏装新款韩范v领交叉粉色短袖T恤女装纯色半截袖小心机上衣', '2018夏装新款韩范v领交叉粉色短袖T恤女装纯色半截袖小心机上衣', 57, 40, 'http://s3.mogucdn.com/mlcdn/c45406/180620_19fk93bjc8adfg9h7ak978409kei9_640x960.jpg_560x999.jpg', 5864, 710, 1255, '北京', 1);
INSERT INTO `goods_info` (`id`, `createAt`, `updateAt`, `isDelete`, `status`, `name`, `desc`, `oldPrice`, `newPrice`, `imgUrl`, `inventoryCount`, `saleCount`, `favorCount`, `address`, `categoryId`) VALUES (36, '2023-11-14 00:00:00', '2023-11-14 20:30:52', 0, 1, '高领黑白条纹长袖t恤女2018春秋新款韩版宽松百搭学生内搭打底衫', '高领黑白条纹长袖t恤女2018春秋新款韩版宽松百搭学生内搭打底衫', 43, 30, 'http://s3.mogucdn.com/mlcdn/c45406/180126_39bjhej66kb2l48554kk0ld4d2fdc_640x960.jpg_560x999.jpg', 7708, 657, 4585, '长沙', 1);
INSERT INTO `goods_info` (`id`, `createAt`, `updateAt`, `isDelete`, `status`, `name`, `desc`, `oldPrice`, `newPrice`, `imgUrl`, `inventoryCount`, `saleCount`, `favorCount`, `address`, `categoryId`) VALUES (37, '2023-11-14 00:00:00', '2023-11-14 20:30:52', 0, 1, '秋装女卫衣套装新款2018韩版印花连帽卫衣上衣+显瘦高腰网纱半身裙学生裙子时尚套装两件套', '秋装女卫衣套装新款2018韩版印花连帽卫衣上衣+显瘦高腰网纱半身裙学生裙子时尚套装两件套', 70, 49, 'http://s11.mogucdn.com/mlcdn/c45406/180913_00b8bg3cg308c9jhcakhj0c7fhbih_640x960.jpg_560x999.jpg', 5660, 16428, 20, '重庆', 1);
INSERT INTO `goods_info` (`id`, `createAt`, `updateAt`, `isDelete`, `status`, `name`, `desc`, `oldPrice`, `newPrice`, `imgUrl`, `inventoryCount`, `saleCount`, `favorCount`, `address`, `categoryId`) VALUES (38, '2023-11-14 00:00:00', '2023-11-14 20:30:52', 0, 1, '时尚套装两件套网红同款2018秋装女套装新款显瘦中长款字母印花宽松套头卫衣无敌修身打底长裤', '时尚套装两件套网红同款2018秋装女套装新款显瘦中长款字母印花宽松套头卫衣无敌修身打底长裤', 119, 84, 'http://s11.mogucdn.com/mlcdn/c45406/180914_1lj3hk5hek8266fdf77elg1h78fg8_640x960.jpg_560x999.jpg', 2507, 15999, 49, '南京', 1);
INSERT INTO `goods_info` (`id`, `createAt`, `updateAt`, `isDelete`, `status`, `name`, `desc`, `oldPrice`, `newPrice`, `imgUrl`, `inventoryCount`, `saleCount`, `favorCount`, `address`, `categoryId`) VALUES (39, '2023-11-14 00:00:00', '2023-11-14 20:30:52', 0, 1, '2018夏装新款韩范t恤女短袖宽松百搭韩版学生半袖ins超火的上衣体侐潮', '2018夏装新款韩范t恤女短袖宽松百搭韩版学生半袖ins超火的上衣体侐潮', 50, 50, 'http://s11.mogucdn.com/mlcdn/55cf19/180620_81idi257gjk9kl4i61bel5kak5362_640x960.jpg_560x999.jpg', 2165, 649, 969, '西安', 1);
INSERT INTO `goods_info` (`id`, `createAt`, `updateAt`, `isDelete`, `status`, `name`, `desc`, `oldPrice`, `newPrice`, `imgUrl`, `inventoryCount`, `saleCount`, `favorCount`, `address`, `categoryId`) VALUES (40, '2023-11-14 00:00:00', '2023-11-14 20:30:52', 0, 1, '2件50元qlz夏季2018情侣装新款宽松女韩版潮学生百搭网红同款短袖T恤上衣小哥哥印花', '2件50元qlz夏季2018情侣装新款宽松女韩版潮学生百搭网红同款短袖T恤上衣小哥哥印花', 40, 28, 'http://s11.mogucdn.com/mlcdn/17f85e/180607_835hbfgcffaijjil95428cii1k9ef_640x960.jpg_560x999.jpg', 3160, 595, 1115, '天津', 1);
INSERT INTO `goods_info` (`id`, `createAt`, `updateAt`, `isDelete`, `status`, `name`, `desc`, `oldPrice`, `newPrice`, `imgUrl`, `inventoryCount`, `saleCount`, `favorCount`, `address`, `categoryId`) VALUES (41, '2023-11-14 00:00:00', '2023-11-14 20:30:52', 0, 1, '早秋新款2018韩版ins超火港风条纹长袖雪纺衬衫气质百搭宽松显瘦chic上衣慵懒衬衣女潮', '早秋新款2018韩版ins超火港风条纹长袖雪纺衬衫气质百搭宽松显瘦chic上衣慵懒衬衣女潮', 150, 39, 'http://s11.mogucdn.com/mlcdn/55cf19/180911_77hkba33lh2k52al9h406j8fl6ead_798x1197.jpg_560x999.jpg', 6708, 15609, 48, '沈阳', 1);
INSERT INTO `goods_info` (`id`, `createAt`, `updateAt`, `isDelete`, `status`, `name`, `desc`, `oldPrice`, `newPrice`, `imgUrl`, `inventoryCount`, `saleCount`, `favorCount`, `address`, `categoryId`) VALUES (42, '2023-11-14 00:00:00', '2023-11-14 20:30:52', 0, 1, '珊珊2018秋装新款韩版百搭修身显瘦气质甜美荷叶边下摆初恋女裙蕾丝拼接长袖针织连衣裙', '珊珊2018秋装新款韩版百搭修身显瘦气质甜美荷叶边下摆初恋女裙蕾丝拼接长袖针织连衣裙', 155, 79, 'http://s11.mogucdn.com/mlcdn/c45406/180906_09ce0e8a14l71k3ll34dah14j80kd_640x960.jpg_560x999.jpg', 10766, 11984, 111, '西安', 1);
INSERT INTO `goods_info` (`id`, `createAt`, `updateAt`, `isDelete`, `status`, `name`, `desc`, `oldPrice`, `newPrice`, `imgUrl`, `inventoryCount`, `saleCount`, `favorCount`, `address`, `categoryId`) VALUES (43, '2023-11-14 00:00:00', '2023-11-14 20:30:52', 0, 1, '宽松白色短袖T恤女韩版半袖上衣印花2018夏季女装新款班服ins时尚百搭学生衣服大码体恤', '宽松白色短袖T恤女韩版半袖上衣印花2018夏季女装新款班服ins时尚百搭学生衣服大码体恤', 43, 30, 'http://s3.mogucdn.com/mlcdn/c45406/180605_445c0g87j0k130ja2di46cj9403h7_800x1200.jpg_560x999.jpg', 2597, 483, 377, '西安', 1);
INSERT INTO `goods_info` (`id`, `createAt`, `updateAt`, `isDelete`, `status`, `name`, `desc`, `oldPrice`, `newPrice`, `imgUrl`, `inventoryCount`, `saleCount`, `favorCount`, `address`, `categoryId`) VALUES (44, '2023-11-14 00:00:00', '2023-11-14 20:30:52', 0, 1, '2018春夏新款女装宽松潮V领破洞镂空字母印花短袖T恤', '2018春夏新款女装宽松潮V领破洞镂空字母印花短袖T恤', 56, 39, 'http://s3.mogucdn.com/mlcdn/c45406/180514_1429jg0febkbdfk1ab3c8clah84cb_640x960.jpg_560x999.jpg', 2824, 443, 810, '天津', 1);
INSERT INTO `goods_info` (`id`, `createAt`, `updateAt`, `isDelete`, `status`, `name`, `desc`, `oldPrice`, `newPrice`, `imgUrl`, `inventoryCount`, `saleCount`, `favorCount`, `address`, `categoryId`) VALUES (45, '2023-11-14 00:00:00', '2023-11-14 20:30:52', 0, 1, '2018春夏装新款上衣圆领休闲百搭韩版打底衫纯色白色棉t恤女短袖宽松学生半袖tee情侣男', '2018春夏装新款上衣圆领休闲百搭韩版打底衫纯色白色棉t恤女短袖宽松学生半袖tee情侣男', 57, 40, 'http://s11.mogucdn.com/mlcdn/c45406/180122_5dh2dl7862136dkcfh0haaalc3517_640x960.jpg_560x999.jpg', 10920, 423, 1185, '天津', 1);
INSERT INTO `goods_info` (`id`, `createAt`, `updateAt`, `isDelete`, `status`, `name`, `desc`, `oldPrice`, `newPrice`, `imgUrl`, `inventoryCount`, `saleCount`, `favorCount`, `address`, `categoryId`) VALUES (46, '2023-11-14 00:00:00', '2023-11-14 20:30:52', 0, 1, '2018春夏新款韩范长袖白色衬衫女百搭宽松中长款棉麻立领韩版打底衬衣', '2018春夏新款韩范长袖白色衬衫女百搭宽松中长款棉麻立领韩版打底衬衣', 70, 49, 'http://s3.mogucdn.com/mlcdn/c45406/180514_15272difihj7hg63gkakkg00hciaf_640x960.jpg_560x999.jpg', 7991, 377, 1167, '武汉', 1);
INSERT INTO `goods_info` (`id`, `createAt`, `updateAt`, `isDelete`, `status`, `name`, `desc`, `oldPrice`, `newPrice`, `imgUrl`, `inventoryCount`, `saleCount`, `favorCount`, `address`, `categoryId`) VALUES (47, '2023-11-14 00:00:00', '2023-11-14 20:30:52', 0, 1, '明星同款2018秋季新款韩版女装高腰裙子针织毛线百搭秋冬中长款显瘦A字半身裙', '明星同款2018秋季新款韩版女装高腰裙子针织毛线百搭秋冬中长款显瘦A字半身裙', 169, 69, 'http://s11.mogucdn.com/mlcdn/c45406/180916_7j0dh9d7a1dlac84bf3jebj39fil0_640x812.jpg_560x999.jpg', 6937, 11717, 232, '宁波', 1);
INSERT INTO `goods_info` (`id`, `createAt`, `updateAt`, `isDelete`, `status`, `name`, `desc`, `oldPrice`, `newPrice`, `imgUrl`, `inventoryCount`, `saleCount`, `favorCount`, `address`, `categoryId`) VALUES (48, '2023-11-14 00:00:00', '2023-11-14 20:30:52', 0, 1, '2018秋季新款韩范清新套装宽松圆领可爱学生条纹上衣配复古高腰直筒裤子破洞牛仔裤时尚两件套', '2018秋季新款韩范清新套装宽松圆领可爱学生条纹上衣配复古高腰直筒裤子破洞牛仔裤时尚两件套', 79, 55, 'http://s11.mogucdn.com/mlcdn/c45406/180901_024lb916jjb699j4dg56048e51jj6_640x960.jpg_560x999.jpg', 5298, 10152, 231, '重庆', 1);
INSERT INTO `goods_info` (`id`, `createAt`, `updateAt`, `isDelete`, `status`, `name`, `desc`, `oldPrice`, `newPrice`, `imgUrl`, `inventoryCount`, `saleCount`, `favorCount`, `address`, `categoryId`) VALUES (49, '2023-11-14 00:00:00', '2023-11-14 20:30:52', 0, 1, '【两件59元】【 降价啦！】2018夏装新款高品质纯棉t恤女短袖白色圆领宽松学生半袖上衣', '【两件59元】【 降价啦！】2018夏装新款高品质纯棉t恤女短袖白色圆领宽松学生半袖上衣', 56, 39, 'http://s11.mogucdn.com/mlcdn/c45406/180302_58kc4dk5820fj4ihjdh3e4k2b3h4e_640x960.jpg_560x999.jpg', 5642, 350, 5082, '重庆', 1);
INSERT INTO `goods_info` (`id`, `createAt`, `updateAt`, `isDelete`, `status`, `name`, `desc`, `oldPrice`, `newPrice`, `imgUrl`, `inventoryCount`, `saleCount`, `favorCount`, `address`, `categoryId`) VALUES (50, '2023-11-14 00:00:00', '2023-11-14 20:32:43', 0, 1, '2018新款早春款韩版百搭宽松体恤刺绣字母圆领短袖T恤女学生上衣服洋气小衫', '2018新款早春款韩版百搭宽松体恤刺绣字母圆领短袖T恤女学生上衣服洋气小衫', 57, 40, 'http://s3.mogucdn.com/mlcdn/c45406/180416_4f73g9612ge2jja058g0gkhia406f_640x960.jpg_560x999.jpg', 4781, 335, 754, '广州', 1);
INSERT INTO `goods_info` (`id`, `createAt`, `updateAt`, `isDelete`, `status`, `name`, `desc`, `oldPrice`, `newPrice`, `imgUrl`, `inventoryCount`, `saleCount`, `favorCount`, `address`, `categoryId`) VALUES (51, '2023-11-14 00:00:00', '2023-11-14 20:31:03', 0, 1, '实拍韩版2018秋冬新款学院风百搭高腰显瘦PU皮裙伞裙系带防走光显瘦半身裙短裙', '实拍韩版2018秋冬新款学院风百搭高腰显瘦PU皮裙伞裙系带防走光显瘦半身裙短裙', 169, 59, 'http://s11.mogucdn.com/mlcdn/c45406/180916_196h301k3fje7762dkhi5l6l99099_640x982.jpg_560x999.jpg', 1578, 9714, 9, '上海', 2);
INSERT INTO `goods_info` (`id`, `createAt`, `updateAt`, `isDelete`, `status`, `name`, `desc`, `oldPrice`, `newPrice`, `imgUrl`, `inventoryCount`, `saleCount`, `favorCount`, `address`, `categoryId`) VALUES (53, '2023-11-14 00:00:00', '2023-11-14 20:31:03', 0, 1, '2018夏装新款修身显瘦性感拼色针织女短款韩版休闲打底衫上衣吊带背心', '2018夏装新款修身显瘦性感拼色针织女短款韩版休闲打底衫上衣吊带背心', 43, 30, 'http://s3.mogucdn.com/mlcdn/c45406/180605_25ah46f6e61dk43g22i3cf6dckcf6_640x960.jpg_560x999.jpg', 6615, 307, 740, '武汉', 2);
INSERT INTO `goods_info` (`id`, `createAt`, `updateAt`, `isDelete`, `status`, `name`, `desc`, `oldPrice`, `newPrice`, `imgUrl`, `inventoryCount`, `saleCount`, `favorCount`, `address`, `categoryId`) VALUES (54, '2023-11-14 00:00:00', '2023-11-14 20:31:03', 0, 1, '纯棉白色t恤女夏短袖修身短款半袖2018新款夏装紧身黑色体恤上衣长袖秋冬', '纯棉白色t恤女夏短袖修身短款半袖2018新款夏装紧身黑色体恤上衣长袖秋冬', 57, 40, 'http://s3.mogucdn.com/mlcdn/c45406/180925_17cd358662ffc9jhah6bf6bl99c75_640x960.jpg_560x999.jpg', 6659, 290, 535, '成都', 2);
INSERT INTO `goods_info` (`id`, `createAt`, `updateAt`, `isDelete`, `status`, `name`, `desc`, `oldPrice`, `newPrice`, `imgUrl`, `inventoryCount`, `saleCount`, `favorCount`, `address`, `categoryId`) VALUES (55, '2023-11-14 00:00:00', '2023-11-14 20:31:03', 0, 1, '2018夏季新款紫色百搭款套头宽松学生T恤女上衣潮4色', '2018夏季新款紫色百搭款套头宽松学生T恤女上衣潮4色', 70, 49, 'http://s11.mogucdn.com/mlcdn/c45406/180611_8ahf5d6jh7gb9bjfll1f5bi33gil1_640x960.jpg_560x999.jpg', 3078, 198, 1238, '成都', 2);
INSERT INTO `goods_info` (`id`, `createAt`, `updateAt`, `isDelete`, `status`, `name`, `desc`, `oldPrice`, `newPrice`, `imgUrl`, `inventoryCount`, `saleCount`, `favorCount`, `address`, `categoryId`) VALUES (57, '2023-11-14 00:00:00', '2023-11-14 20:31:03', 0, 1, '2018秋季新品韩范休闲宽松百搭牛仔外套气质显瘦中长款吊带连衣裙套装', '2018秋季新品韩范休闲宽松百搭牛仔外套气质显瘦中长款吊带连衣裙套装', 84, 59, 'http://s3.mogucdn.com/mlcdn/c45406/180901_60e7c737k66c4i5f7bj50l38c91ie_640x960.jpg_560x999.jpg', 2856, 8988, 166, '成都', 2);
INSERT INTO `goods_info` (`id`, `createAt`, `updateAt`, `isDelete`, `status`, `name`, `desc`, `oldPrice`, `newPrice`, `imgUrl`, `inventoryCount`, `saleCount`, `favorCount`, `address`, `categoryId`) VALUES (59, '2023-11-14 00:00:00', '2023-11-14 20:31:03', 0, 1, '2018夏季新款纯色体恤韩版白色短袖T恤女百搭学生黑色宽松圆领上衣显瘦打底衫', '2018夏季新款纯色体恤韩版白色短袖T恤女百搭学生黑色宽松圆领上衣显瘦打底衫', 56, 39, 'http://s3.mogucdn.com/p2/170310/89187459_176ced5dd1lk16ggeadh7j6i3hg8g_640x960.jpg_560x999.jpg', 4234, 158, 1125, '上海', 2);
INSERT INTO `goods_info` (`id`, `createAt`, `updateAt`, `isDelete`, `status`, `name`, `desc`, `oldPrice`, `newPrice`, `imgUrl`, `inventoryCount`, `saleCount`, `favorCount`, `address`, `categoryId`) VALUES (60, '2023-11-14 00:00:00', '2023-11-14 20:31:03', 0, 1, '2018秋冬新款网红性感欧根纱蝴蝶领结上衣+高腰显瘦半身皮裙2件套套装', '2018秋冬新款网红性感欧根纱蝴蝶领结上衣+高腰显瘦半身皮裙2件套套装', 142, 99, 'http://s3.mogucdn.com/mlcdn/55cf19/180827_1l1278e9l144ih07kjdbk58ea0046_640x960.jpg_560x999.jpg', 3738, 135, 457, '郑州', 2);
INSERT INTO `goods_info` (`id`, `createAt`, `updateAt`, `isDelete`, `status`, `name`, `desc`, `oldPrice`, `newPrice`, `imgUrl`, `inventoryCount`, `saleCount`, `favorCount`, `address`, `categoryId`) VALUES (61, '2023-11-14 00:00:00', '2023-11-14 20:31:03', 0, 1, '2018新款秋装衬衫+收腰马甲+休闲裤名媛超火时尚套装女洋气三件套女J14', '2018新款秋装衬衫+收腰马甲+休闲裤名媛超火时尚套装女洋气三件套女J14', 157, 110, 'http://s3.mogucdn.com/mlcdn/c45406/180813_587cl37ikbj5ah47lbi0c098eehk4_640x960.jpg_560x999.jpg', 8709, 8079, 255, '上海', 2);
INSERT INTO `goods_info` (`id`, `createAt`, `updateAt`, `isDelete`, `status`, `name`, `desc`, `oldPrice`, `newPrice`, `imgUrl`, `inventoryCount`, `saleCount`, `favorCount`, `address`, `categoryId`) VALUES (62, '2023-11-14 00:00:00', '2023-11-14 20:31:03', 0, 1, '现货秒发~2018春秋新款套装条纹衬衫不规则拼接V领破马甲烟灰色铅笔小脚牛仔裤套装三件套', '现货秒发~2018春秋新款套装条纹衬衫不规则拼接V领破马甲烟灰色铅笔小脚牛仔裤套装三件套', 99, 69, 'http://s11.mogucdn.com/mlcdn/c45406/170925_1kjjfb8iae7dcdjgc131l246bki3l_640x960.jpg_560x999.jpg', 1606, 5289, 1987, '成都', 2);
INSERT INTO `goods_info` (`id`, `createAt`, `updateAt`, `isDelete`, `status`, `name`, `desc`, `oldPrice`, `newPrice`, `imgUrl`, `inventoryCount`, `saleCount`, `favorCount`, `address`, `categoryId`) VALUES (64, '2023-11-14 00:00:00', '2023-11-14 20:31:03', 0, 1, '春秋2018ins超火的新款韩版简约百搭宽松字母印花长袖T恤学生休闲体恤显瘦上衣潮', '春秋2018ins超火的新款韩版简约百搭宽松字母印花长袖T恤学生休闲体恤显瘦上衣潮', 40, 40, 'http://s11.mogucdn.com/mlcdn/55cf19/180823_65bk4i19ff244if74226eeb4lchdc_640x960.jpg_560x999.jpg', 10261, 120, 320, '南京', 2);
INSERT INTO `goods_info` (`id`, `createAt`, `updateAt`, `isDelete`, `status`, `name`, `desc`, `oldPrice`, `newPrice`, `imgUrl`, `inventoryCount`, `saleCount`, `favorCount`, `address`, `categoryId`) VALUES (65, '2023-11-14 00:00:00', '2023-11-14 20:31:03', 0, 1, '2018夏季新款韩版丝绸粉色ins超火丝滑德芙束腿九分裤休闲运动裤女潮', '2018夏季新款韩版丝绸粉色ins超火丝滑德芙束腿九分裤休闲运动裤女潮', 70, 49, 'http://s11.mogucdn.com/mlcdn/c45406/180517_45lgaj2gf08h8egc4820ek82bi18i_640x960.jpg_560x999.jpg', 6077, 104, 430, '深圳', 2);
INSERT INTO `goods_info` (`id`, `createAt`, `updateAt`, `isDelete`, `status`, `name`, `desc`, `oldPrice`, `newPrice`, `imgUrl`, `inventoryCount`, `saleCount`, `favorCount`, `address`, `categoryId`) VALUES (66, '2023-11-14 00:00:00', '2023-11-14 20:32:39', 0, 1, '2018夏装新款高品质短袖t恤女纯棉圆领宽松显瘦韩版学生女装', '2018夏装新款高品质短袖t恤女纯棉圆领宽松显瘦韩版学生女装', 56, 39, 'http://s11.mogucdn.com/mlcdn/c45406/180305_2ljefab431fgach9g3b1gl72li11f_640x960.jpg_560x999.jpg', 8522, 93, 661, '沈阳', 2);
INSERT INTO `goods_info` (`id`, `createAt`, `updateAt`, `isDelete`, `status`, `name`, `desc`, `oldPrice`, `newPrice`, `imgUrl`, `inventoryCount`, `saleCount`, `favorCount`, `address`, `categoryId`) VALUES (69, '2023-11-14 00:00:00', '2023-11-14 20:31:19', 0, 1, '【两件79元】半高领打底衫女2018新款秋冬白色加绒加厚紧身长袖t恤韩版ins超火的上衣', '【两件79元】半高领打底衫女2018新款秋冬白色加绒加厚紧身长袖t恤韩版ins超火的上衣', 49, 49, 'http://s11.mogucdn.com/mlcdn/c45406/180915_6d523b1i35c6873a212396j3c1652_800x800.jpg_560x999.jpg', 9009, 126, 85, '南京', 2);
INSERT INTO `goods_info` (`id`, `createAt`, `updateAt`, `isDelete`, `status`, `name`, `desc`, `oldPrice`, `newPrice`, `imgUrl`, `inventoryCount`, `saleCount`, `favorCount`, `address`, `categoryId`) VALUES (70, '2023-11-14 00:00:00', '2023-11-14 20:31:19', 0, 1, '2件50元班服夏季t恤女短袖宽松学生情侣装夏装2018新款韩版ulzzang百搭衣服潮宽松', '2件50元班服夏季t恤女短袖宽松学生情侣装夏装2018新款韩版ulzzang百搭衣服潮宽松', 40, 28, 'http://s11.mogucdn.com/mlcdn/c45406/180416_359hjeljbc1djcf29db75b11j401c_640x960.jpg_560x999.jpg', 7193, 83, 450, '宁波', 2);
INSERT INTO `goods_info` (`id`, `createAt`, `updateAt`, `isDelete`, `status`, `name`, `desc`, `oldPrice`, `newPrice`, `imgUrl`, `inventoryCount`, `saleCount`, `favorCount`, `address`, `categoryId`) VALUES (72, '2023-11-14 00:00:00', '2023-11-14 20:31:19', 0, 1, '2018秋季新款韩版百搭格子长袖衬衫+前短后长针织气质开衫外套+高腰直筒九分牛仔裤三件套装', '2018秋季新款韩版百搭格子长袖衬衫+前短后长针织气质开衫外套+高腰直筒九分牛仔裤三件套装', 84, 59, 'http://s3.mogucdn.com/mlcdn/c45406/180808_600abce0g8dc8i4f6ic7k27i7837l_640x960.jpg_560x999.jpg', 10195, 4886, 49, '杭州', 2);
INSERT INTO `goods_info` (`id`, `createAt`, `updateAt`, `isDelete`, `status`, `name`, `desc`, `oldPrice`, `newPrice`, `imgUrl`, `inventoryCount`, `saleCount`, `favorCount`, `address`, `categoryId`) VALUES (74, '2023-11-14 00:00:00', '2023-11-14 20:31:19', 0, 1, '【59元2件】条纹纯棉运动短裤女2018春夏新款韩版宽松显瘦休闲裤学生跑步三分裤', '【59元2件】条纹纯棉运动短裤女2018春夏新款韩版宽松显瘦休闲裤学生跑步三分裤', 50, 35, 'http://s3.mogucdn.com/mlcdn/c45406/180522_21l7lb0acallifbl6d6ael74h45c3_640x960.jpg_560x999.jpg', 3228, 72, 88, '杭州', 2);
INSERT INTO `goods_info` (`id`, `createAt`, `updateAt`, `isDelete`, `status`, `name`, `desc`, `oldPrice`, `newPrice`, `imgUrl`, `inventoryCount`, `saleCount`, `favorCount`, `address`, `categoryId`) VALUES (75, '2023-11-14 00:00:00', '2023-11-14 20:31:19', 0, 1, '黑色半高领打底衫女修身长袖上衣秋冬百搭中领纯棉秋衣2018春秋新款薄', '黑色半高领打底衫女修身长袖上衣秋冬百搭中领纯棉秋衣2018春秋新款薄', 85, 60, 'http://s11.mogucdn.com/mlcdn/c45406/180730_697eaeelf9g5e41j5f52b14ggej8f_640x960.jpg_560x999.jpg', 7644, 72, 77, '成都', 2);
INSERT INTO `goods_info` (`id`, `createAt`, `updateAt`, `isDelete`, `status`, `name`, `desc`, `oldPrice`, `newPrice`, `imgUrl`, `inventoryCount`, `saleCount`, `favorCount`, `address`, `categoryId`) VALUES (77, '2023-11-14 00:00:00', '2023-11-14 20:31:19', 0, 1, '运动套装女春秋韩版2018新款女装春装时髦休闲衣服薄款卫衣两件套', '运动套装女春秋韩版2018新款女装春装时髦休闲衣服薄款卫衣两件套', 79, 79, 'http://s11.mogucdn.com/mlcdn/c45406/180226_2hb2b3991i5kj050e4c9cfk985ab2_800x800.jpg_560x999.jpg', 2109, 4647, 21, '重庆', 2);
INSERT INTO `goods_info` (`id`, `createAt`, `updateAt`, `isDelete`, `status`, `name`, `desc`, `oldPrice`, `newPrice`, `imgUrl`, `inventoryCount`, `saleCount`, `favorCount`, `address`, `categoryId`) VALUES (79, '2023-11-14 00:00:00', '2023-11-14 20:31:28', 0, 1, '2018新款秋装女装上衣服原宿风百搭时尚胖妹妹姐妹装体恤衫韩版女学生闺蜜装大码简约印花t恤', '2018新款秋装女装上衣服原宿风百搭时尚胖妹妹姐妹装体恤衫韩版女学生闺蜜装大码简约印花t恤', 40, 40, 'http://s3.mogucdn.com/mlcdn/55cf19/180823_657b62gkeca17eb91h6j9c8k1h8le_640x960.jpg_560x999.jpg', 8018, 59, 94, '西安', 3);
INSERT INTO `goods_info` (`id`, `createAt`, `updateAt`, `isDelete`, `status`, `name`, `desc`, `oldPrice`, `newPrice`, `imgUrl`, `inventoryCount`, `saleCount`, `favorCount`, `address`, `categoryId`) VALUES (81, '2023-11-14 00:00:00', '2023-11-14 20:31:28', 0, 1, '2018秋季新款时尚套装宽松海马毛毛衣女学院风百搭黑色牛仔背带裤两件套', '2018秋季新款时尚套装宽松海马毛毛衣女学院风百搭黑色牛仔背带裤两件套', 99, 69, 'http://s3.mogucdn.com/mlcdn/55cf19/180903_2ahjib119c3433ehidb4lf7k9f9g3_640x960.jpg_560x999.jpg', 8757, 4362, 120, '武汉', 3);
INSERT INTO `goods_info` (`id`, `createAt`, `updateAt`, `isDelete`, `status`, `name`, `desc`, `oldPrice`, `newPrice`, `imgUrl`, `inventoryCount`, `saleCount`, `favorCount`, `address`, `categoryId`) VALUES (82, '2023-11-14 00:00:00', '2023-11-14 20:31:28', 0, 1, '2018外套女秋季新款女装时尚套装女韩版针织开衫毛衣外套格子衬衫直筒牛仔裤子套装三件套', '2018外套女秋季新款女装时尚套装女韩版针织开衫毛衣外套格子衬衫直筒牛仔裤子套装三件套', 77, 54, 'http://s3.mogucdn.com/mlcdn/c45406/171224_57ldck1ki0bjh0fc48ac0e2f9i788_640x960.jpg_560x999.jpg', 2547, 4251, 1636, '重庆', 3);
INSERT INTO `goods_info` (`id`, `createAt`, `updateAt`, `isDelete`, `status`, `name`, `desc`, `oldPrice`, `newPrice`, `imgUrl`, `inventoryCount`, `saleCount`, `favorCount`, `address`, `categoryId`) VALUES (83, '2023-11-14 00:00:00', '2023-11-14 20:31:28', 0, 1, '裤子女阔腿裤春秋2018新款毛呢裤九分裤港味潮女裤甩腿裤女士裤子', '裤子女阔腿裤春秋2018新款毛呢裤九分裤港味潮女裤甩腿裤女士裤子', 70, 70, 'http://s11.mogucdn.com/mlcdn/c45406/180826_5708i53lg6ifcgd7402ieg99ab77b_640x640.jpg_560x999.jpg', 2414, 48, 134, '宁波', 3);
INSERT INTO `goods_info` (`id`, `createAt`, `updateAt`, `isDelete`, `status`, `name`, `desc`, `oldPrice`, `newPrice`, `imgUrl`, `inventoryCount`, `saleCount`, `favorCount`, `address`, `categoryId`) VALUES (84, '2023-11-14 00:00:00', '2023-11-14 20:31:28', 0, 1, '2018新款韩版纯棉V领条纹长袖体恤女装上衣服修身显瘦打底衫女式时尚T恤女生潮', '2018新款韩版纯棉V领条纹长袖体恤女装上衣服修身显瘦打底衫女式时尚T恤女生潮', 55, 38, 'http://s3.mogucdn.com/mlcdn/17f85e/180830_3c8f1g7hka41603lfl25gh32b860i_640x960.jpg_560x999.jpg', 3850, 45, 291, '重庆', 3);
INSERT INTO `goods_info` (`id`, `createAt`, `updateAt`, `isDelete`, `status`, `name`, `desc`, `oldPrice`, `newPrice`, `imgUrl`, `inventoryCount`, `saleCount`, `favorCount`, `address`, `categoryId`) VALUES (85, '2023-11-14 00:00:00', '2023-11-14 20:31:28', 0, 1, '【2件69元】【新品特惠】短袖t恤女2018夏装新款韩版学生宽松黑色体恤圆领纯棉半袖上衣服', '【2件69元】【新品特惠】短袖t恤女2018夏装新款韩版学生宽松黑色体恤圆领纯棉半袖上衣服', 70, 49, 'http://s3.mogucdn.com/mlcdn/c45406/180301_784ej0g6c8dca24fa2c8dlfhe0fgc_640x960.jpg_560x999.jpg', 9215, 39, 1079, '宁波', 3);
INSERT INTO `goods_info` (`id`, `createAt`, `updateAt`, `isDelete`, `status`, `name`, `desc`, `oldPrice`, `newPrice`, `imgUrl`, `inventoryCount`, `saleCount`, `favorCount`, `address`, `categoryId`) VALUES (86, '2023-11-14 00:00:00', '2023-11-14 20:31:28', 0, 1, '2018新款秋装白色长袖t恤女宽松韩版学生体恤百搭长袖上衣服', '2018新款秋装白色长袖t恤女宽松韩版学生体恤百搭长袖上衣服', 57, 40, 'http://s11.mogucdn.com/mlcdn/55cf19/180809_00j78l8dakkgjkk2a3lgfeae1kgj1_640x960.jpg_560x999.jpg', 3597, 32, 42, '广州', 3);
INSERT INTO `goods_info` (`id`, `createAt`, `updateAt`, `isDelete`, `status`, `name`, `desc`, `oldPrice`, `newPrice`, `imgUrl`, `inventoryCount`, `saleCount`, `favorCount`, `address`, `categoryId`) VALUES (87, '2023-11-14 00:00:00', '2023-11-14 20:31:28', 0, 1, '2018秋季新款时尚套装学院风V领小清新毛衣针织衫百搭格子衬衫显瘦小脚牛仔裤套装三件套', '2018秋季新款时尚套装学院风V领小清新毛衣针织衫百搭格子衬衫显瘦小脚牛仔裤套装三件套', 84, 59, 'http://s11.mogucdn.com/mlcdn/c45406/180226_3gg8h809bf7eg08gl0fl40b38e958_640x960.jpg_560x999.jpg', 6582, 4225, 194, '南京', 3);
INSERT INTO `goods_info` (`id`, `createAt`, `updateAt`, `isDelete`, `status`, `name`, `desc`, `oldPrice`, `newPrice`, `imgUrl`, `inventoryCount`, `saleCount`, `favorCount`, `address`, `categoryId`) VALUES (88, '2023-11-14 00:00:00', '2023-11-14 20:31:28', 0, 1, '秋装女2018新款套装时尚晚晚风气质chic港味女神网红两件套装俏皮', '秋装女2018新款套装时尚晚晚风气质chic港味女神网红两件套装俏皮', 156, 109, 'http://s11.mogucdn.com/mlcdn/c45406/180827_1590j44g2bk619i6655ji20ihikfb_640x960.jpg_560x999.jpg', 3590, 4173, 167, '上海', 3);
INSERT INTO `goods_info` (`id`, `createAt`, `updateAt`, `isDelete`, `status`, `name`, `desc`, `oldPrice`, `newPrice`, `imgUrl`, `inventoryCount`, `saleCount`, `favorCount`, `address`, `categoryId`) VALUES (89, '2023-11-14 00:00:00', '2023-11-14 20:31:28', 0, 1, '2018长袖t恤春秋季新款韩版怪味少女学生宽松显瘦嘻哈ins超火女生酷酷的上衣服潮', '2018长袖t恤春秋季新款韩版怪味少女学生宽松显瘦嘻哈ins超火女生酷酷的上衣服潮', 40, 40, 'http://s11.mogucdn.com/mlcdn/55cf19/180823_4dgk20j7dgb5ef9abij8fd9aaah5a_640x960.jpg_560x999.jpg', 7715, 18, 70, '西安', 3);
INSERT INTO `goods_info` (`id`, `createAt`, `updateAt`, `isDelete`, `status`, `name`, `desc`, `oldPrice`, `newPrice`, `imgUrl`, `inventoryCount`, `saleCount`, `favorCount`, `address`, `categoryId`) VALUES (90, '2023-11-14 00:00:00', '2023-11-14 20:31:28', 0, 1, '复古黑白格子衬衫2018春季新款女装韩范宽松版百搭上衣软妹格纹衬衣', '复古黑白格子衬衫2018春季新款女装韩范宽松版百搭上衣软妹格纹衬衣', 71, 50, 'http://s11.mogucdn.com/mlcdn/c45406/180911_550eg3ghe4cgj89jk0lk19la32lf9_640x960.jpg_560x999.jpg', 3487, 17, 33, '青岛', 3);
INSERT INTO `goods_info` (`id`, `createAt`, `updateAt`, `isDelete`, `status`, `name`, `desc`, `oldPrice`, `newPrice`, `imgUrl`, `inventoryCount`, `saleCount`, `favorCount`, `address`, `categoryId`) VALUES (91, '2023-11-14 00:00:00', '2023-11-14 20:31:39', 0, 1, '2018秋季新款时尚套装韩版菱格针织开衫女宽松学生毛衣外套高腰休闲裤套装两件套', '2018秋季新款时尚套装韩版菱格针织开衫女宽松学生毛衣外套高腰休闲裤套装两件套', 99, 69, 'http://s3.mogucdn.com/mlcdn/c45406/180225_6i3kjj16b3g4c5fgb9a445l2bj5f0_640x960.jpg_560x999.jpg', 2804, 4141, 164, '上海', 4);
INSERT INTO `goods_info` (`id`, `createAt`, `updateAt`, `isDelete`, `status`, `name`, `desc`, `oldPrice`, `newPrice`, `imgUrl`, `inventoryCount`, `saleCount`, `favorCount`, `address`, `categoryId`) VALUES (92, '2023-11-14 00:00:00', '2023-11-14 20:31:39', 0, 1, '2018韩版秋季新款学院风猫咪刺绣宽松显瘦牛仔背带裤+宽松织带条纹毛衣时尚衣裤套装女', '2018韩版秋季新款学院风猫咪刺绣宽松显瘦牛仔背带裤+宽松织带条纹毛衣时尚衣裤套装女', 99, 69, 'http://s11.mogucdn.com/mlcdn/55cf19/180804_4l05750fhlbhhj1g6jb4075cife3l_640x960.jpg_560x999.jpg', 1147, 4058, 15, '西安', 4);
INSERT INTO `goods_info` (`id`, `createAt`, `updateAt`, `isDelete`, `status`, `name`, `desc`, `oldPrice`, `newPrice`, `imgUrl`, `inventoryCount`, `saleCount`, `favorCount`, `address`, `categoryId`) VALUES (93, '2023-11-14 00:00:00', '2023-11-14 20:31:39', 0, 1, '2018秋新款飞鹰烫金印花字母纯棉潮牌情侣小脚裤男女同款', '2018秋新款飞鹰烫金印花字母纯棉潮牌情侣小脚裤男女同款', 226, 158, 'http://s3.mogucdn.com/mlcdn/c45406/180922_05jafg8g5k7flkj35icg400b0l4k7_800x1200.jpg_560x999.jpg', 8880, 12, 13, '北京', 4);
INSERT INTO `goods_info` (`id`, `createAt`, `updateAt`, `isDelete`, `status`, `name`, `desc`, `oldPrice`, `newPrice`, `imgUrl`, `inventoryCount`, `saleCount`, `favorCount`, `address`, `categoryId`) VALUES (94, '2023-11-14 00:00:00', '2023-11-14 20:31:39', 0, 1, '2018新款半高领打底衫女装秋冬中领长袖t恤修身黑色纯棉紧身上衣', '2018新款半高领打底衫女装秋冬中领长袖t恤修身黑色纯棉紧身上衣', 85, 85, 'http://s3.mogucdn.com/mlcdn/c45406/180830_83cka4ghle20j90i5455j1i7li77k_640x960.jpg_560x999.jpg', 9218, 11, 14, '青岛', 4);
INSERT INTO `goods_info` (`id`, `createAt`, `updateAt`, `isDelete`, `status`, `name`, `desc`, `oldPrice`, `newPrice`, `imgUrl`, `inventoryCount`, `saleCount`, `favorCount`, `address`, `categoryId`) VALUES (96, '2023-11-14 00:00:00', '2023-11-14 20:31:39', 0, 1, '加绒加厚裤子女秋冬2018新款学生韩版宽松显瘦休闲哈伦运动卫裤秋', '加绒加厚裤子女秋冬2018新款学生韩版宽松显瘦休闲哈伦运动卫裤秋', 49, 49, 'http://s11.mogucdn.com/mlcdn/55cf19/180925_6bdiibf87e046d836dcjie5l40fk1_641x641.jpg_560x999.jpg', 10524, 1, 1, '沈阳', 4);
INSERT INTO `goods_info` (`id`, `createAt`, `updateAt`, `isDelete`, `status`, `name`, `desc`, `oldPrice`, `newPrice`, `imgUrl`, `inventoryCount`, `saleCount`, `favorCount`, `address`, `categoryId`) VALUES (97, '2023-11-14 00:00:00', '2023-11-14 20:31:39', 0, 1, '2018春秋季新款韩版百搭连帽卫衣+松紧腰长裤时尚运动套装两件套女学生', '2018春秋季新款韩版百搭连帽卫衣+松紧腰长裤时尚运动套装两件套女学生', 57, 57, 'http://s3.mogucdn.com/mlcdn/c45406/170823_0d997dch3jkl8ed225ejbba76j2lf_640x832.jpg_560x999.jpg', 9970, 3904, 116, '上海', 4);
INSERT INTO `goods_info` (`id`, `createAt`, `updateAt`, `isDelete`, `status`, `name`, `desc`, `oldPrice`, `newPrice`, `imgUrl`, `inventoryCount`, `saleCount`, `favorCount`, `address`, `categoryId`) VALUES (98, '2023-11-14 00:00:00', '2023-11-14 20:31:39', 0, 1, '时尚套装女2018秋冬新款百搭毛衣女+时尚宽松显瘦牛仔背带裤', '时尚套装女2018秋冬新款百搭毛衣女+时尚宽松显瘦牛仔背带裤', 99, 69, 'http://s3.mogucdn.com/mlcdn/55cf19/180822_891ag27iicc1kl0fa93l0iddg45c3_640x960.jpg_560x999.jpg', 1648, 3890, 121, '宁波', 4);
INSERT INTO `goods_info` (`id`, `createAt`, `updateAt`, `isDelete`, `status`, `name`, `desc`, `oldPrice`, `newPrice`, `imgUrl`, `inventoryCount`, `saleCount`, `favorCount`, `address`, `categoryId`) VALUES (99, '2023-11-14 00:00:00', '2023-11-14 20:31:39', 0, 1, '2018夏季新款女装复古港味性感波点挂脖两穿学生打底抹胸小吊带背心女', '2018夏季新款女装复古港味性感波点挂脖两穿学生打底抹胸小吊带背心女', 57, 57, 'http://s3.mogucdn.com/mlcdn/c45406/180621_1h968hc9g2if464j0ld1fc0jc3492_640x960.jpg_560x999.jpg', 8964, 5, 27, '青岛', 4);
INSERT INTO `goods_info` (`id`, `createAt`, `updateAt`, `isDelete`, `status`, `name`, `desc`, `oldPrice`, `newPrice`, `imgUrl`, `inventoryCount`, `saleCount`, `favorCount`, `address`, `categoryId`) VALUES (101, '2023-11-14 00:00:00', '2023-11-14 20:31:39', 0, 1, '秋季网红女时尚两件套2018新款晚晚风气质女神范针织港味套装裙子', '秋季网红女时尚两件套2018新款晚晚风气质女神范针织港味套装裙子', 140, 98, 'http://s3.mogucdn.com/mlcdn/c45406/180812_7dg023gflle285h71f1kf8gfi588i_640x960.jpg_560x999.jpg', 10366, 3806, 239, '广州', 4);
INSERT INTO `goods_info` (`id`, `createAt`, `updateAt`, `isDelete`, `status`, `name`, `desc`, `oldPrice`, `newPrice`, `imgUrl`, `inventoryCount`, `saleCount`, `favorCount`, `address`, `categoryId`) VALUES (102, '2023-11-14 00:00:00', '2023-11-14 20:31:39', 0, 1, '2018秋冬新款韩版宽松喇叭袖针织毛衣+时尚潮流黑色显瘦牛仔背带裤套装两件套', '2018秋冬新款韩版宽松喇叭袖针织毛衣+时尚潮流黑色显瘦牛仔背带裤套装两件套', 99, 69, 'http://s11.mogucdn.com/mlcdn/55cf19/180901_2k0g5i06kcllef7jdehe9jd15kc2i_640x960.jpg_560x999.jpg', 10231, 3734, 91, '青岛', 4);
INSERT INTO `goods_info` (`id`, `createAt`, `updateAt`, `isDelete`, `status`, `name`, `desc`, `oldPrice`, `newPrice`, `imgUrl`, `inventoryCount`, `saleCount`, `favorCount`, `address`, `categoryId`) VALUES (103, '2023-11-14 00:00:00', '2023-11-14 20:31:39', 0, 1, '夏装2018新款韩版修身小吊带背心女学生显瘦内穿无袖打底衫上衣女', '夏装2018新款韩版修身小吊带背心女学生显瘦内穿无袖打底衫上衣女', 43, 43, 'http://s3.mogucdn.com/mlcdn/c45406/180927_23414d50hejlg647efd36j6j66jdl_640x960.jpg_560x999.jpg', 1521, 0, 0, '成都', 4);
INSERT INTO `goods_info` (`id`, `createAt`, `updateAt`, `isDelete`, `status`, `name`, `desc`, `oldPrice`, `newPrice`, `imgUrl`, `inventoryCount`, `saleCount`, `favorCount`, `address`, `categoryId`) VALUES (104, '2023-11-14 00:00:00', '2023-11-14 20:31:39', 0, 1, '带帽运动服2018秋冬新款韩版时尚加厚刺绣金丝绒女士宽松休闲连帽运动服卫衣两件套潮', '带帽运动服2018秋冬新款韩版时尚加厚刺绣金丝绒女士宽松休闲连帽运动服卫衣两件套潮', 129, 129, 'http://s3.mogucdn.com/mlcdn/55cf19/180923_3jbhe3i9907eii29bl70b07lkdkck_640x960.jpg_560x999.jpg', 2805, 0, 5, '深圳', 4);
INSERT INTO `goods_info` (`id`, `createAt`, `updateAt`, `isDelete`, `status`, `name`, `desc`, `oldPrice`, `newPrice`, `imgUrl`, `inventoryCount`, `saleCount`, `favorCount`, `address`, `categoryId`) VALUES (105, '2023-11-14 00:00:00', '2023-11-14 20:31:39', 0, 1, '【秋冬加厚】灯芯绒2018新品百搭休闲裤女韩版毛呢裤子高腰显瘦宽松九分哈伦裤条纹大码小脚裤', '【秋冬加厚】灯芯绒2018新品百搭休闲裤女韩版毛呢裤子高腰显瘦宽松九分哈伦裤条纹大码小脚裤', 99, 55, 'http://s11.mogucdn.com/mlcdn/17f85e/180926_76fee3df733b8h463gaj3lg6592bb_640x960.jpg_560x999.jpg', 7216, 192, 12, '杭州', 4);
INSERT INTO `goods_info` (`id`, `createAt`, `updateAt`, `isDelete`, `status`, `name`, `desc`, `oldPrice`, `newPrice`, `imgUrl`, `inventoryCount`, `saleCount`, `favorCount`, `address`, `categoryId`) VALUES (106, '2023-11-14 00:00:00', '2023-11-14 20:31:51', 0, 1, '2018春秋新款韩版胖mm加肥加大码200斤刺绣字母打底衫宽松显瘦长袖t恤上衣', '2018春秋新款韩版胖mm加肥加大码200斤刺绣字母打底衫宽松显瘦长袖t恤上衣', 47, 47, 'http://s11.mogucdn.com/mlcdn/17f85e/180923_7b30c16he2lfdidb6e826kih8eaki_640x960.jpg_560x999.jpg', 6407, 0, 3, '长沙', 5);
INSERT INTO `goods_info` (`id`, `createAt`, `updateAt`, `isDelete`, `status`, `name`, `desc`, `oldPrice`, `newPrice`, `imgUrl`, `inventoryCount`, `saleCount`, `favorCount`, `address`, `categoryId`) VALUES (107, '2023-11-14 00:00:00', '2023-11-14 20:31:51', 0, 1, '2018秋季新款韩版女装字母印花宽松连帽休闲卫衣搭配松紧腰九分牛仔裤两件套女时尚运动套装潮', '2018秋季新款韩版女装字母印花宽松连帽休闲卫衣搭配松紧腰九分牛仔裤两件套女时尚运动套装潮', 97, 68, 'http://s11.mogucdn.com/mlcdn/c45406/180811_1k5hfa6d803575df3lkb6j67l5j3c_640x960.jpg_560x999.jpg', 3190, 3681, 76, '宁波', 5);
INSERT INTO `goods_info` (`id`, `createAt`, `updateAt`, `isDelete`, `status`, `name`, `desc`, `oldPrice`, `newPrice`, `imgUrl`, `inventoryCount`, `saleCount`, `favorCount`, `address`, `categoryId`) VALUES (109, '2023-11-14 00:00:00', '2023-11-14 20:31:51', 0, 1, '万年经典条纹上衣女装秋2018韩版新款宽松百搭显瘦拼色条纹长袖T恤女学生原宿慵懒风', '万年经典条纹上衣女装秋2018韩版新款宽松百搭显瘦拼色条纹长袖T恤女学生原宿慵懒风', 70, 70, 'http://s11.mogucdn.com/mlcdn/55cf19/180926_7078259k7h0l2ihf67k2hc7ca79ic_640x960.jpg_560x999.jpg', 5224, 0, 0, '宁波', 5);
INSERT INTO `goods_info` (`id`, `createAt`, `updateAt`, `isDelete`, `status`, `name`, `desc`, `oldPrice`, `newPrice`, `imgUrl`, `inventoryCount`, `saleCount`, `favorCount`, `address`, `categoryId`) VALUES (110, '2023-11-14 00:00:00', '2023-11-14 20:31:51', 0, 1, '秋季2018新款韩版条纹T恤女长袖宽松学生百搭小清新打底衫原宿风慵懒港味上衣服', '秋季2018新款韩版条纹T恤女长袖宽松学生百搭小清新打底衫原宿风慵懒港味上衣服', 68, 68, 'http://s11.mogucdn.com/mlcdn/55cf19/180926_1j176fab5g21kd3ib9jlgj751dcgh_640x960.jpg_560x999.jpg', 9931, 0, 0, '重庆', 5);
INSERT INTO `goods_info` (`id`, `createAt`, `updateAt`, `isDelete`, `status`, `name`, `desc`, `oldPrice`, `newPrice`, `imgUrl`, `inventoryCount`, `saleCount`, `favorCount`, `address`, `categoryId`) VALUES (111, '2023-11-14 00:00:00', '2023-11-14 20:31:51', 0, 1, '2018秋季新款宽松中长款印花卫衣女+包臀开叉半身裙套装两件套', '2018秋季新款宽松中长款印花卫衣女+包臀开叉半身裙套装两件套', 84, 59, 'http://s11.mogucdn.com/mlcdn/55cf19/180901_09l36d4lhdf10if8g5cl877df973j_640x960.jpg_560x999.jpg', 5612, 3575, 18, '天津', 5);
INSERT INTO `goods_info` (`id`, `createAt`, `updateAt`, `isDelete`, `status`, `name`, `desc`, `oldPrice`, `newPrice`, `imgUrl`, `inventoryCount`, `saleCount`, `favorCount`, `address`, `categoryId`) VALUES (112, '2023-11-14 00:00:00', '2023-11-14 20:31:51', 0, 1, '秋季2018新款韩版宽松开衫连帽长袖卫衣外套吊带裙背心裙显瘦连衣裙子时尚套装秋装两件套女装', '秋季2018新款韩版宽松开衫连帽长袖卫衣外套吊带裙背心裙显瘦连衣裙子时尚套装秋装两件套女装', 127, 89, 'http://s3.mogucdn.com/mlcdn/c45406/180827_8aa0ajci5142eic7lj870jlhe26gg_640x960.jpg_560x999.jpg', 10596, 3496, 148, '杭州', 5);
INSERT INTO `goods_info` (`id`, `createAt`, `updateAt`, `isDelete`, `status`, `name`, `desc`, `oldPrice`, `newPrice`, `imgUrl`, `inventoryCount`, `saleCount`, `favorCount`, `address`, `categoryId`) VALUES (113, '2023-11-14 00:00:00', '2023-11-14 20:31:51', 0, 1, '吊带背心女2018夏季新款内穿外穿打底背心裹胸韩版学生吊带打底衫', '吊带背心女2018夏季新款内穿外穿打底背心裹胸韩版学生吊带打底衫', 43, 43, 'http://s3.mogucdn.com/mlcdn/c45406/180927_245533i8jdjf722f654lee42ae12i_640x960.jpg_560x999.jpg', 9618, 0, 0, '武汉', 5);
INSERT INTO `goods_info` (`id`, `createAt`, `updateAt`, `isDelete`, `status`, `name`, `desc`, `oldPrice`, `newPrice`, `imgUrl`, `inventoryCount`, `saleCount`, `favorCount`, `address`, `categoryId`) VALUES (114, '2023-11-14 00:00:00', '2023-11-14 20:31:51', 0, 1, '秋季2018新款百搭学生闺蜜装V领长袖条纹打底衫宽松上衣秋冬韩版修身显瘦短款纯棉t恤女小衫', '秋季2018新款百搭学生闺蜜装V领长袖条纹打底衫宽松上衣秋冬韩版修身显瘦短款纯棉t恤女小衫', 64, 45, 'http://s3.mogucdn.com/mlcdn/c45406/180807_43jj257hd8gd5g04605957la67f6j_640x960.jpg_560x999.jpg', 5007, 58, 95, '天津', 5);
INSERT INTO `goods_info` (`id`, `createAt`, `updateAt`, `isDelete`, `status`, `name`, `desc`, `oldPrice`, `newPrice`, `imgUrl`, `inventoryCount`, `saleCount`, `favorCount`, `address`, `categoryId`) VALUES (115, '2023-11-14 00:00:00', '2023-11-14 20:31:51', 0, 1, '2018秋装新款ins超火韩版女装微喇叭裤女九分裤高腰显瘦弹力微喇裤黑色薄款修身阔腿休闲裤', '2018秋装新款ins超火韩版女装微喇叭裤女九分裤高腰显瘦弹力微喇裤黑色薄款修身阔腿休闲裤', 108, 108, 'http://s11.mogucdn.com/mlcdn/c45406/180316_0l422k59b28kf6ef1h5i2j0g25ba8_1000x1498.jpg_560x999.jpg', 7369, 242, 3903, '深圳', 5);
INSERT INTO `goods_info` (`id`, `createAt`, `updateAt`, `isDelete`, `status`, `name`, `desc`, `oldPrice`, `newPrice`, `imgUrl`, `inventoryCount`, `saleCount`, `favorCount`, `address`, `categoryId`) VALUES (117, '2023-11-14 00:00:00', '2023-11-14 20:31:51', 0, 1, '2018秋季新款格子衬衫女长袖韩版复古灯笼袖学生宽松泡泡袖大码娃娃衫B24', '2018秋季新款格子衬衫女长袖韩版复古灯笼袖学生宽松泡泡袖大码娃娃衫B24', 99, 99, 'http://s3.mogucdn.com/mlcdn/c45406/180803_7ed1i8bkhlgkdh733j724ed22a0fh_640x960.jpg_560x999.jpg', 5884, 3441, 78, '杭州', 5);
INSERT INTO `goods_info` (`id`, `createAt`, `updateAt`, `isDelete`, `status`, `name`, `desc`, `oldPrice`, `newPrice`, `imgUrl`, `inventoryCount`, `saleCount`, `favorCount`, `address`, `categoryId`) VALUES (118, '2023-11-14 00:00:00', '2023-11-14 20:31:51', 0, 1, '2018外套女秋季新款女装时尚套装韩版拼色针织开衫中长款毛衣外套小清新格子衬衫牛仔裤三件套', '2018外套女秋季新款女装时尚套装韩版拼色针织开衫中长款毛衣外套小清新格子衬衫牛仔裤三件套', 77, 54, 'http://s11.mogucdn.com/mlcdn/c45406/180316_16k6dj8ff3ka9ci31djgj9999a985_640x960.jpg_560x999.jpg', 10416, 3254, 197, '深圳', 5);
INSERT INTO `goods_info` (`id`, `createAt`, `updateAt`, `isDelete`, `status`, `name`, `desc`, `oldPrice`, `newPrice`, `imgUrl`, `inventoryCount`, `saleCount`, `favorCount`, `address`, `categoryId`) VALUES (119, '2023-11-14 00:00:00', '2023-11-14 20:31:51', 0, 1, '秋冬新款V领撞色条纹长袖打底衫宽松短款上衣小衫2018秋季韩版百搭学生闺蜜装显瘦纯棉t恤女', '秋冬新款V领撞色条纹长袖打底衫宽松短款上衣小衫2018秋季韩版百搭学生闺蜜装显瘦纯棉t恤女', 64, 45, 'http://s3.mogucdn.com/mlcdn/c45406/180808_830ji849kbjbci113j19e11igkf44_640x960.jpg_560x999.jpg', 4156, 6, 9, '深圳', 5);
INSERT INTO `goods_info` (`id`, `createAt`, `updateAt`, `isDelete`, `status`, `name`, `desc`, `oldPrice`, `newPrice`, `imgUrl`, `inventoryCount`, `saleCount`, `favorCount`, `address`, `categoryId`) VALUES (120, '2023-11-14 00:00:00', '2023-11-14 20:31:51', 0, 1, '秋季新款百搭学生闺蜜装V领长袖竹节棉t恤女2018秋冬韩版宽松显瘦纯色打底衫短款上衣服体恤', '秋季新款百搭学生闺蜜装V领长袖竹节棉t恤女2018秋冬韩版宽松显瘦纯色打底衫短款上衣服体恤', 64, 45, 'http://s11.mogucdn.com/mlcdn/c45406/180822_5d29k4j5g79jg043f591f6igbcdg6_640x960.jpg_560x999.jpg', 1885, 14, 12, '深圳', 5);
INSERT INTO `goods_info` (`id`, `createAt`, `updateAt`, `isDelete`, `status`, `name`, `desc`, `oldPrice`, `newPrice`, `imgUrl`, `inventoryCount`, `saleCount`, `favorCount`, `address`, `categoryId`) VALUES (121, '2023-11-14 00:00:00', '2023-11-14 20:32:06', 0, 1, '网红同款2018秋冬新款女装韩版气质时髦秋季chic风毛衣套装裙两件套时尚潮', '网红同款2018秋冬新款女装韩版气质时髦秋季chic风毛衣套装裙两件套时尚潮', 185, 130, 'http://s3.mogucdn.com/mlcdn/c45406/180802_1ec122l9ii2gj8l2fjck6f5f00eke_640x960.jpg_560x999.jpg', 3216, 3157, 21, '重庆', 6);
INSERT INTO `goods_info` (`id`, `createAt`, `updateAt`, `isDelete`, `status`, `name`, `desc`, `oldPrice`, `newPrice`, `imgUrl`, `inventoryCount`, `saleCount`, `favorCount`, `address`, `categoryId`) VALUES (122, '2023-11-14 00:00:00', '2023-11-14 20:32:06', 0, 1, '休闲运动服套装女春秋季2018新款韩版时尚大码宽松长袖卫衣三件套', '休闲运动服套装女春秋季2018新款韩版时尚大码宽松长袖卫衣三件套', 138, 138, 'http://s11.mogucdn.com/mlcdn/c45406/180807_3e09gg2fl5456hh9chli29d66j9ji_640x960.jpg_560x999.jpg', 10405, 3070, 8, '成都', 6);
INSERT INTO `goods_info` (`id`, `createAt`, `updateAt`, `isDelete`, `status`, `name`, `desc`, `oldPrice`, `newPrice`, `imgUrl`, `inventoryCount`, `saleCount`, `favorCount`, `address`, `categoryId`) VALUES (123, '2023-11-14 00:00:00', '2023-11-14 20:32:06', 0, 1, '韩风chic上衣2018新款秋季韩版学院风日系软妹小清新拼色V领百搭长袖t恤卫衣女学生', '韩风chic上衣2018新款秋季韩版学院风日系软妹小清新拼色V领百搭长袖t恤卫衣女学生', 60, 60, 'http://s3.mogucdn.com/mlcdn/55cf19/180923_8870522k681i85d2gfi1k6le1382e_640x960.jpg_560x999.jpg', 3264, 30, 1, '南京', 6);
INSERT INTO `goods_info` (`id`, `createAt`, `updateAt`, `isDelete`, `status`, `name`, `desc`, `oldPrice`, `newPrice`, `imgUrl`, `inventoryCount`, `saleCount`, `favorCount`, `address`, `categoryId`) VALUES (124, '2023-11-14 00:00:00', '2023-11-14 20:32:06', 0, 1, '2018早秋季韩版百搭学生修身显瘦长袖t恤女秋冬新款原宿风圆领卡通刺绣纯棉打底衫上衣服体恤', '2018早秋季韩版百搭学生修身显瘦长袖t恤女秋冬新款原宿风圆领卡通刺绣纯棉打底衫上衣服体恤', 64, 45, 'http://s11.mogucdn.com/mlcdn/c45406/180821_2a6ek98i3jj902h50i7h7ekf0agj3_640x960.jpg_560x999.jpg', 3965, 3, 0, '杭州', 6);
INSERT INTO `goods_info` (`id`, `createAt`, `updateAt`, `isDelete`, `status`, `name`, `desc`, `oldPrice`, `newPrice`, `imgUrl`, `inventoryCount`, `saleCount`, `favorCount`, `address`, `categoryId`) VALUES (125, '2023-11-14 00:00:00', '2023-11-14 20:32:06', 0, 1, '纯棉撞色条纹V领纯棉t恤女2018秋季新款韩版学生闺蜜装百搭修身显瘦长袖打底衫宽松上衣小衫', '纯棉撞色条纹V领纯棉t恤女2018秋季新款韩版学生闺蜜装百搭修身显瘦长袖打底衫宽松上衣小衫', 64, 45, 'http://s3.mogucdn.com/mlcdn/c45406/180808_61dc0ici7c6bbe65cii22c31513i6_640x960.jpg_560x999.jpg', 8355, 10, 14, '成都', 6);
INSERT INTO `goods_info` (`id`, `createAt`, `updateAt`, `isDelete`, `status`, `name`, `desc`, `oldPrice`, `newPrice`, `imgUrl`, `inventoryCount`, `saleCount`, `favorCount`, `address`, `categoryId`) VALUES (127, '2023-11-14 00:00:00', '2023-11-14 20:32:06', 0, 1, '2018外套女秋季新款女装时尚套装女韩版中长款卫衣开衫外套高腰显瘦开叉小脚裤子套装两件套', '2018外套女秋季新款女装时尚套装女韩版中长款卫衣开衫外套高腰显瘦开叉小脚裤子套装两件套', 86, 60, 'http://s3.mogucdn.com/mlcdn/c45406/180109_85ee34ae6197i5k44ig69c1gd22ak_640x960.jpg_560x999.jpg', 7624, 3010, 1433, '郑州', 6);
INSERT INTO `goods_info` (`id`, `createAt`, `updateAt`, `isDelete`, `status`, `name`, `desc`, `oldPrice`, `newPrice`, `imgUrl`, `inventoryCount`, `saleCount`, `favorCount`, `address`, `categoryId`) VALUES (128, '2023-11-14 00:00:00', '2023-11-14 20:32:06', 0, 1, '2018秋季新款时尚套装半透明雪纺衫V领破洞针织马甲呢子休闲裤套装三件套', '2018秋季新款时尚套装半透明雪纺衫V领破洞针织马甲呢子休闲裤套装三件套', 84, 59, 'http://s11.mogucdn.com/mlcdn/c45406/180120_1dl4a4dljdg8eclkef40kl1ke8g7k_640x960.jpg_560x999.jpg', 7483, 2520, 171, '深圳', 6);
INSERT INTO `goods_info` (`id`, `createAt`, `updateAt`, `isDelete`, `status`, `name`, `desc`, `oldPrice`, `newPrice`, `imgUrl`, `inventoryCount`, `saleCount`, `favorCount`, `address`, `categoryId`) VALUES (129, '2023-11-14 00:00:00', '2023-11-14 20:32:06', 0, 1, '2018秋季新款韩版学院风长袖条纹上衣女高腰直筒牛仔背带裤衣裤时尚套装两件套', '2018秋季新款韩版学院风长袖条纹上衣女高腰直筒牛仔背带裤衣裤时尚套装两件套', 70, 49, 'http://s3.mogucdn.com/mlcdn/55cf19/180902_77hklal614d182bl9725ad5gbfil2_640x960.jpg_560x999.jpg', 6003, 2515, 5, '昆明', 6);
INSERT INTO `goods_info` (`id`, `createAt`, `updateAt`, `isDelete`, `status`, `name`, `desc`, `oldPrice`, `newPrice`, `imgUrl`, `inventoryCount`, `saleCount`, `favorCount`, `address`, `categoryId`) VALUES (130, '2023-11-14 00:00:00', '2023-11-14 20:32:06', 0, 1, '2018秋季新款时尚套装连帽卫衣女休闲针织运动裤套装两件套女', '2018秋季新款时尚套装连帽卫衣女休闲针织运动裤套装两件套女', 99, 69, 'http://s3.mogucdn.com/mlcdn/c45406/180103_6h04c282hf39913aje7434e1ie9c6_640x960.jpg_560x999.jpg', 6264, 2508, 836, '成都', 6);
INSERT INTO `goods_info` (`id`, `createAt`, `updateAt`, `isDelete`, `status`, `name`, `desc`, `oldPrice`, `newPrice`, `imgUrl`, `inventoryCount`, `saleCount`, `favorCount`, `address`, `categoryId`) VALUES (131, '2023-11-14 00:00:00', '2023-11-14 20:32:06', 0, 1, '套装两件套2018初秋秋季新款长款薄款卫衣外套+高腰格子半身裙中长款打底裙网红套装', '套装两件套2018初秋秋季新款长款薄款卫衣外套+高腰格子半身裙中长款打底裙网红套装', 86, 60, 'http://s11.mogucdn.com/mlcdn/c45406/180729_02fl1g7c873825e5fhc76ba3h2505_640x960.jpg_560x999.jpg', 8330, 2448, 51, '杭州', 6);
INSERT INTO `goods_info` (`id`, `createAt`, `updateAt`, `isDelete`, `status`, `name`, `desc`, `oldPrice`, `newPrice`, `imgUrl`, `inventoryCount`, `saleCount`, `favorCount`, `address`, `categoryId`) VALUES (132, '2023-11-14 00:00:00', '2023-11-14 20:32:06', 0, 1, '2018秋装女装韩版新款套装两件套时尚性感时尚套装上衣女+运动裤子套装女潮显瘦宽松', '2018秋装女装韩版新款套装两件套时尚性感时尚套装上衣女+运动裤子套装女潮显瘦宽松', 198, 198, 'http://s3.mogucdn.com/mlcdn/c45406/180826_5cf0l1745i7hl39dgeb3di3hc3af1_640x960.jpg_560x999.jpg', 6037, 2439, 27, '西安', 6);
INSERT INTO `goods_info` (`id`, `createAt`, `updateAt`, `isDelete`, `status`, `name`, `desc`, `oldPrice`, `newPrice`, `imgUrl`, `inventoryCount`, `saleCount`, `favorCount`, `address`, `categoryId`) VALUES (133, '2023-11-14 00:00:00', '2023-11-14 20:32:06', 0, 1, '晚晚风黑色连衣裙2018秋装新款女装韩版显瘦中长款V领A字裙赫本小黑裙气质百搭中长款连衣裙', '晚晚风黑色连衣裙2018秋装新款女装韩版显瘦中长款V领A字裙赫本小黑裙气质百搭中长款连衣裙', 179, 69, 'http://s3.mogucdn.com/mlcdn/c45406/180903_61lihh46bg9k4ej5ddia841338284_640x960.jpg_560x999.jpg', 10677, 2353, 113, '西安', 6);
INSERT INTO `goods_info` (`id`, `createAt`, `updateAt`, `isDelete`, `status`, `name`, `desc`, `oldPrice`, `newPrice`, `imgUrl`, `inventoryCount`, `saleCount`, `favorCount`, `address`, `categoryId`) VALUES (134, '2023-11-14 00:00:00', '2023-11-14 20:32:06', 0, 1, '2018秋季新款时尚套装韩范宽松BF字母学院风工装风衣外套修身显瘦小脚裤套装两件套女', '2018秋季新款时尚套装韩范宽松BF字母学院风工装风衣外套修身显瘦小脚裤套装两件套女', 71, 50, 'http://s3.mogucdn.com/p2/170210/176681490_7hac00i68kadaed0i6ba8l3le5dd3_640x960.jpg_560x999.jpg', 5449, 2280, 348, '沈阳', 6);
INSERT INTO `goods_info` (`id`, `createAt`, `updateAt`, `isDelete`, `status`, `name`, `desc`, `oldPrice`, `newPrice`, `imgUrl`, `inventoryCount`, `saleCount`, `favorCount`, `address`, `categoryId`) VALUES (135, '2023-11-14 00:00:00', '2023-11-14 20:32:06', 0, 1, '2018秋季新款三件套韩版拼色针织开衫中长款毛衣外套+小清新格子衬衫+显瘦牛仔裤时尚套装', '2018秋季新款三件套韩版拼色针织开衫中长款毛衣外套+小清新格子衬衫+显瘦牛仔裤时尚套装', 84, 59, 'http://s11.mogucdn.com/mlcdn/c45406/180801_8filh47j1lh24a8a6500dj46ie597_640x854.jpg_560x999.jpg', 6126, 2194, 260, '宁波', 6);
INSERT INTO `goods_info` (`id`, `createAt`, `updateAt`, `isDelete`, `status`, `name`, `desc`, `oldPrice`, `newPrice`, `imgUrl`, `inventoryCount`, `saleCount`, `favorCount`, `address`, `categoryId`) VALUES (136, '2023-11-14 00:00:00', '2023-11-14 20:32:06', 0, 1, '2018秋装新款时尚高领收腰显瘦针织连衣裙中长款毛衣裙长款', '2018秋装新款时尚高领收腰显瘦针织连衣裙中长款毛衣裙长款', 414, 414, 'http://s11.mogucdn.com/mlcdn/55cf19/180816_3905kfkkfg63ja251869ljll7j93h_640x960.jpg_560x999.jpg', 9551, 2155, 10, '郑州', 6);
INSERT INTO `goods_info` (`id`, `createAt`, `updateAt`, `isDelete`, `status`, `name`, `desc`, `oldPrice`, `newPrice`, `imgUrl`, `inventoryCount`, `saleCount`, `favorCount`, `address`, `categoryId`) VALUES (137, '2023-11-14 00:00:00', '2023-11-14 20:32:06', 0, 1, '时尚套装2018春季新款牛仔短款外套时尚外套气质上衣女+高腰显瘦直筒大口袋牛仔裤两件套', '时尚套装2018春季新款牛仔短款外套时尚外套气质上衣女+高腰显瘦直筒大口袋牛仔裤两件套', 70, 49, 'http://s11.mogucdn.com/mlcdn/c45406/180302_5e2jjb9cfkkfbkcb2hd8j02eef478_640x960.jpg_560x999.jpg', 8587, 2139, 477, '成都', 6);
INSERT INTO `goods_info` (`id`, `createAt`, `updateAt`, `isDelete`, `status`, `name`, `desc`, `oldPrice`, `newPrice`, `imgUrl`, `inventoryCount`, `saleCount`, `favorCount`, `address`, `categoryId`) VALUES (138, '2023-11-14 00:00:00', '2023-11-14 20:32:06', 0, 1, 'aqqqqqqqqqqqqqqqq', '秋季2018新款韩版毛边剪裁单排扣洗水牛仔外套抽绳连帽显瘦卫衣裙子秋装时尚套装两件套女装', 127, 89, 'http://s3.mogucdn.com/mlcdn/c45406/180823_5ifd9g28613bi7c10jjk866ki2l32_640x960.jpg_560x999.jpg', 3241, 1972, 135, '西安', 6);
INSERT INTO `goods_info` (`id`, `createAt`, `updateAt`, `isDelete`, `status`, `name`, `desc`, `oldPrice`, `newPrice`, `imgUrl`, `inventoryCount`, `saleCount`, `favorCount`, `address`, `categoryId`) VALUES (139, '2023-11-14 00:00:00', '2023-11-14 20:32:06', 0, 1, '2018秋季新款韩版加肥加大码休闲服运动套装女胖mm两件套套装', '2018秋季新款韩版加肥加大码休闲服运动套装女胖mm两件套套装', 69, 69, 'http://s3.mogucdn.com/mlcdn/c45406/180810_17b3h5lg77ijc21680f7gkl6ffd25_640x960.jpg_560x999.jpg', 5272, 1968, 3, '昆明', 6);
INSERT INTO `goods_info` (`id`, `createAt`, `updateAt`, `isDelete`, `status`, `name`, `desc`, `oldPrice`, `newPrice`, `imgUrl`, `inventoryCount`, `saleCount`, `favorCount`, `address`, `categoryId`) VALUES (140, '2023-11-14 00:00:00', '2023-11-14 20:32:06', 0, 1, '2018早秋新款时尚套装女甜美韩版长袖子镂空拼接纯色衬衫+宽松显瘦割破牛仔背带裤两件套女', '2018早秋新款时尚套装女甜美韩版长袖子镂空拼接纯色衬衫+宽松显瘦割破牛仔背带裤两件套女', 99, 69, 'http://s3.mogucdn.com/mlcdn/c45406/180714_3gca7b9e5bc5ab4ldd76bh3712f07_640x960.jpg_560x999.jpg', 3231, 1963, 24, '宁波', 6);
INSERT INTO `goods_info` (`id`, `createAt`, `updateAt`, `isDelete`, `status`, `name`, `desc`, `oldPrice`, `newPrice`, `imgUrl`, `inventoryCount`, `saleCount`, `favorCount`, `address`, `categoryId`) VALUES (141, '2023-11-14 00:00:00', '2023-11-14 20:32:17', 0, 1, '2018秋装新款韩版时尚套装chic暗红显白BF宽松显瘦冲锋衣外套+条杠休闲运动裤女两件套', '2018秋装新款韩版时尚套装chic暗红显白BF宽松显瘦冲锋衣外套+条杠休闲运动裤女两件套', 108, 76, 'http://s11.mogucdn.com/mlcdn/c45406/180819_2791931dhhb5h5bgik2cd6f4cc2ih_640x960.jpg_560x999.jpg', 4263, 1924, 44, '南京', 7);
INSERT INTO `goods_info` (`id`, `createAt`, `updateAt`, `isDelete`, `status`, `name`, `desc`, `oldPrice`, `newPrice`, `imgUrl`, `inventoryCount`, `saleCount`, `favorCount`, `address`, `categoryId`) VALUES (142, '2023-11-14 00:00:00', '2023-11-14 20:32:17', 0, 1, '定制2018秋季欧洲新款雪纺复古挂脖V领长袖衬衫中长款港味半身裙时尚套装女装', '定制2018秋季欧洲新款雪纺复古挂脖V领长袖衬衫中长款港味半身裙时尚套装女装', 101, 71, 'http://s11.mogucdn.com/mlcdn/c45406/170907_2efhlkeke21efd84lf20e4kac70f1_1200x1800.jpg_560x999.jpg', 6530, 1914, 1617, '北京', 7);
INSERT INTO `goods_info` (`id`, `createAt`, `updateAt`, `isDelete`, `status`, `name`, `desc`, `oldPrice`, `newPrice`, `imgUrl`, `inventoryCount`, `saleCount`, `favorCount`, `address`, `categoryId`) VALUES (143, '2023-11-14 00:00:00', '2023-11-14 20:32:17', 0, 1, '2018秋季新款韩版时尚套装红格子长袖衬衫+百搭显瘦吊带针织连衣裙两件套女', '2018秋季新款韩版时尚套装红格子长袖衬衫+百搭显瘦吊带针织连衣裙两件套女', 168, 79, 'http://s11.mogucdn.com/mlcdn/c45406/180307_6c7j5el2b184dgcf244k8253cik56_640x832.jpg_560x999.jpg', 5297, 1881, 594, '北京', 7);
INSERT INTO `goods_info` (`id`, `createAt`, `updateAt`, `isDelete`, `status`, `name`, `desc`, `oldPrice`, `newPrice`, `imgUrl`, `inventoryCount`, `saleCount`, `favorCount`, `address`, `categoryId`) VALUES (144, '2023-11-14 00:00:00', '2023-11-14 20:32:17', 0, 1, '2018秋季新款韩版BF宽松百搭显瘦开衫女+短款吊带小背心+高腰A字半身裙三件套时尚套装', '2018秋季新款韩版BF宽松百搭显瘦开衫女+短款吊带小背心+高腰A字半身裙三件套时尚套装', 184, 129, 'http://s3.mogucdn.com/mlcdn/c45406/180831_2dch37fcaak900247525i548lh393_640x960.jpg_560x999.jpg', 7416, 1811, 22, '武汉', 7);
INSERT INTO `goods_info` (`id`, `createAt`, `updateAt`, `isDelete`, `status`, `name`, `desc`, `oldPrice`, `newPrice`, `imgUrl`, `inventoryCount`, `saleCount`, `favorCount`, `address`, `categoryId`) VALUES (145, '2023-11-14 00:00:00', '2023-11-14 20:32:17', 0, 1, '2018秋季新款时尚套装韩版百搭个性拼色格纹套头连帽卫衣高腰显瘦休闲裤两件套', '2018秋季新款时尚套装韩版百搭个性拼色格纹套头连帽卫衣高腰显瘦休闲裤两件套', 99, 69, 'http://s11.mogucdn.com/mlcdn/c45406/180906_3d610k09hge16h62gg2h5h4fg2ali_640x960.jpg_560x999.jpg', 1607, 1810, 182, '宁波', 7);
INSERT INTO `goods_info` (`id`, `createAt`, `updateAt`, `isDelete`, `status`, `name`, `desc`, `oldPrice`, `newPrice`, `imgUrl`, `inventoryCount`, `saleCount`, `favorCount`, `address`, `categoryId`) VALUES (146, '2023-11-14 00:00:00', '2023-11-14 20:32:17', 0, 1, '偏大大码秋装女套装新款2018中长款连帽卫衣+牛仔马甲洋气套装胖mm遮肉显瘦两件套省心搭配', '偏大大码秋装女套装新款2018中长款连帽卫衣+牛仔马甲洋气套装胖mm遮肉显瘦两件套省心搭配', 70, 49, 'http://s11.mogucdn.com/mlcdn/c45406/180821_7gccd889f8f88hde1kd4l99dj0h3e_640x960.jpg_560x999.jpg', 9978, 1801, 121, '西安', 7);
INSERT INTO `goods_info` (`id`, `createAt`, `updateAt`, `isDelete`, `status`, `name`, `desc`, `oldPrice`, `newPrice`, `imgUrl`, `inventoryCount`, `saleCount`, `favorCount`, `address`, `categoryId`) VALUES (147, '2023-11-14 00:00:00', '2023-11-14 20:32:17', 0, 1, '2018秋季新款韩版时尚套装百搭宽松连帽印花卫衣+高腰显瘦九分哈伦裤牛仔裤两件套潮', '2018秋季新款韩版时尚套装百搭宽松连帽印花卫衣+高腰显瘦九分哈伦裤牛仔裤两件套潮', 99, 69, 'http://s11.mogucdn.com/mlcdn/c45406/180819_036kb000jg39i651jbgf4kg5df084_640x960.jpg_560x999.jpg', 5285, 1778, 246, '杭州', 7);
INSERT INTO `goods_info` (`id`, `createAt`, `updateAt`, `isDelete`, `status`, `name`, `desc`, `oldPrice`, `newPrice`, `imgUrl`, `inventoryCount`, `saleCount`, `favorCount`, `address`, `categoryId`) VALUES (148, '2023-11-14 00:00:00', '2023-11-14 20:32:17', 0, 1, '格姬2018秋装新款高腰连衣裙女七分袖复古超仙少女冷淡风收腰纯色系带中长裙6990', '格姬2018秋装新款高腰连衣裙女七分袖复古超仙少女冷淡风收腰纯色系带中长裙6990', 180, 126, 'http://s3.mogucdn.com/mlcdn/c45406/180816_5ddih74k67e17k63ji6d621cc363h_640x960.jpg_560x999.jpg', 4873, 1759, 44, '郑州', 7);
INSERT INTO `goods_info` (`id`, `createAt`, `updateAt`, `isDelete`, `status`, `name`, `desc`, `oldPrice`, `newPrice`, `imgUrl`, `inventoryCount`, `saleCount`, `favorCount`, `address`, `categoryId`) VALUES (149, '2023-11-14 00:00:00', '2023-11-14 20:32:17', 0, 1, '时尚OL女神套装2018秋季新款新款简约百搭衬衫高腰时髦条纹哈伦裤两件套女', '时尚OL女神套装2018秋季新款新款简约百搭衬衫高腰时髦条纹哈伦裤两件套女', 140, 98, 'http://s11.mogucdn.com/mlcdn/c45406/180829_2kkjklb37965g608kk717ab0i7579_640x960.jpg_560x999.jpg', 9417, 1753, 61, '昆明', 7);
INSERT INTO `goods_info` (`id`, `createAt`, `updateAt`, `isDelete`, `status`, `name`, `desc`, `oldPrice`, `newPrice`, `imgUrl`, `inventoryCount`, `saleCount`, `favorCount`, `address`, `categoryId`) VALUES (151, '2023-11-14 00:00:00', '2023-11-14 20:32:17', 0, 1, '2018初秋新款BF港风网红学生复古小心机两件套装时尚女果绿宽松卫衣+休闲运动束脚裤子', '2018初秋新款BF港风网红学生复古小心机两件套装时尚女果绿宽松卫衣+休闲运动束脚裤子', 113, 79, 'http://s11.mogucdn.com/mlcdn/c45406/180802_686lie5edj192kc33ki737hle7d05_640x960.jpg_560x999.jpg', 8809, 1734, 18, '深圳', 7);
INSERT INTO `goods_info` (`id`, `createAt`, `updateAt`, `isDelete`, `status`, `name`, `desc`, `oldPrice`, `newPrice`, `imgUrl`, `inventoryCount`, `saleCount`, `favorCount`, `address`, `categoryId`) VALUES (152, '2023-11-14 00:00:00', '2023-11-14 20:32:17', 0, 1, '2018秋季新款时尚套装宽松BF风学生格子长袖衬衫女上衣+韩版百搭学院风牛仔背带裤女两件套', '2018秋季新款时尚套装宽松BF风学生格子长袖衬衫女上衣+韩版百搭学院风牛仔背带裤女两件套', 99, 69, 'http://s11.mogucdn.com/mlcdn/c45406/180812_5ejaf15h8i9182c1765lbf6464d8h_640x960.jpg_560x999.jpg', 10060, 1673, 7, '杭州', 7);
INSERT INTO `goods_info` (`id`, `createAt`, `updateAt`, `isDelete`, `status`, `name`, `desc`, `oldPrice`, `newPrice`, `imgUrl`, `inventoryCount`, `saleCount`, `favorCount`, `address`, `categoryId`) VALUES (153, '2023-11-14 00:00:00', '2023-11-14 20:32:17', 0, 1, '2018秋冬装新款韩版宽松学生过膝ulzzang鱼尾裙长裙潮卫衣连衣裙女', '2018秋冬装新款韩版宽松学生过膝ulzzang鱼尾裙长裙潮卫衣连衣裙女', 140, 98, 'http://s11.mogucdn.com/mlcdn/c45406/180801_4jjj34129ai4a0fd062iibj8ig5il_640x960.jpg_560x999.jpg', 9439, 1672, 31, '宁波', 7);
INSERT INTO `goods_info` (`id`, `createAt`, `updateAt`, `isDelete`, `status`, `name`, `desc`, `oldPrice`, `newPrice`, `imgUrl`, `inventoryCount`, `saleCount`, `favorCount`, `address`, `categoryId`) VALUES (154, '2023-11-14 00:00:00', '2023-11-14 20:32:17', 0, 1, '2018秋季新款百搭短款针织衫+宽松显瘦哈伦牛仔裤时尚两件套', '2018秋季新款百搭短款针织衫+宽松显瘦哈伦牛仔裤时尚两件套', 70, 49, 'http://s3.mogucdn.com/mlcdn/55cf19/180828_4l2e9729iabakghcd44dkbe560h5b_640x960.jpg_560x999.jpg', 4999, 1665, 2, '杭州', 7);
INSERT INTO `goods_info` (`id`, `createAt`, `updateAt`, `isDelete`, `status`, `name`, `desc`, `oldPrice`, `newPrice`, `imgUrl`, `inventoryCount`, `saleCount`, `favorCount`, `address`, `categoryId`) VALUES (156, '2023-11-14 00:00:00', '2023-11-14 20:32:28', 0, 1, '2018春秋新款韩版灯芯绒小脚哈伦裤女学生宽松萝卜裤显瘦九分裤休闲裤', '2018春秋新款韩版灯芯绒小脚哈伦裤女学生宽松萝卜裤显瘦九分裤休闲裤', 70, 49, 'http://s11.mogucdn.com/mlcdn/c45406/171210_0a0kc9igaaf74jgcf1j150874daa3_640x960.jpg_560x999.jpg', 9430, 1599, 25, '郑州', 8);
INSERT INTO `goods_info` (`id`, `createAt`, `updateAt`, `isDelete`, `status`, `name`, `desc`, `oldPrice`, `newPrice`, `imgUrl`, `inventoryCount`, `saleCount`, `favorCount`, `address`, `categoryId`) VALUES (157, '2023-11-14 00:00:00', '2023-11-14 20:32:28', 0, 1, '港风少女短款牛仔外套女2018新款韩版牛仔衣夹克潮+高腰流苏蛋糕裙半身裙女蕾丝短裙两件套装', '港风少女短款牛仔外套女2018新款韩版牛仔衣夹克潮+高腰流苏蛋糕裙半身裙女蕾丝短裙两件套装', 113, 79, 'http://s3.mogucdn.com/mlcdn/c45406/180723_827dgd0bdj5i4egcleje6j35eebbc_640x960.jpg_560x999.jpg', 10392, 1590, 71, '北京', 8);
INSERT INTO `goods_info` (`id`, `createAt`, `updateAt`, `isDelete`, `status`, `name`, `desc`, `oldPrice`, `newPrice`, `imgUrl`, `inventoryCount`, `saleCount`, `favorCount`, `address`, `categoryId`) VALUES (158, '2023-11-14 00:00:00', '2023-11-14 20:32:28', 0, 1, '2018秋装新款韩版宽松针织开衫毛衣外套上衣女修身显瘦吊带连衣裙两件套学生裙子时尚套装', '2018秋装新款韩版宽松针织开衫毛衣外套上衣女修身显瘦吊带连衣裙两件套学生裙子时尚套装', 99, 69, 'http://s3.mogucdn.com/mlcdn/c45406/180901_4lc505f9hgb86106k8cjcljj25294_640x960.jpg_560x999.jpg', 9382, 1569, 161, '深圳', 8);
INSERT INTO `goods_info` (`id`, `createAt`, `updateAt`, `isDelete`, `status`, `name`, `desc`, `oldPrice`, `newPrice`, `imgUrl`, `inventoryCount`, `saleCount`, `favorCount`, `address`, `categoryId`) VALUES (159, '2023-11-14 00:00:00', '2023-11-14 20:32:28', 0, 1, '格姬2018秋季新款港风休闲小西装套装女时尚OL两件套九分裤简约纯色休闲西服外套女6970', '格姬2018秋季新款港风休闲小西装套装女时尚OL两件套九分裤简约纯色休闲西服外套女6970', 256, 179, 'http://s11.mogucdn.com/mlcdn/c45406/180813_71b8h486f66358dal3hg12f90ba58_640x960.jpg_560x999.jpg', 1562, 1536, 34, '青岛', 8);
INSERT INTO `goods_info` (`id`, `createAt`, `updateAt`, `isDelete`, `status`, `name`, `desc`, `oldPrice`, `newPrice`, `imgUrl`, `inventoryCount`, `saleCount`, `favorCount`, `address`, `categoryId`) VALUES (160, '2023-11-14 00:00:00', '2023-11-14 20:32:28', 0, 1, '2018秋季新款韩版女装喇叭袖V领套头打底针织衫上衣+显瘦a字黑色半身裙皮裙两件套时尚套装', '2018秋季新款韩版女装喇叭袖V领套头打底针织衫上衣+显瘦a字黑色半身裙皮裙两件套时尚套装', 84, 59, 'http://s3.mogucdn.com/mlcdn/c45406/170928_4hk375c1c1ldgl7bhi08e1hk23ji1_640x960.jpg_560x999.jpg', 6835, 1526, 807, '深圳', 8);
INSERT INTO `goods_info` (`id`, `createAt`, `updateAt`, `isDelete`, `status`, `name`, `desc`, `oldPrice`, `newPrice`, `imgUrl`, `inventoryCount`, `saleCount`, `favorCount`, `address`, `categoryId`) VALUES (161, '2023-11-14 00:00:00', '2023-11-14 20:32:28', 0, 1, '2018秋季新款韩版小清新学生短款港味露脐长袖上衣女+百搭高腰束脚休闲长裤时尚套装两件套潮', '2018秋季新款韩版小清新学生短款港味露脐长袖上衣女+百搭高腰束脚休闲长裤时尚套装两件套潮', 141, 99, 'http://s3.mogucdn.com/mlcdn/c45406/180828_6g8gg6740942163ddi6hgeacj4983_640x960.jpg_560x999.jpg', 7445, 1511, 25, '深圳', 8);
INSERT INTO `goods_info` (`id`, `createAt`, `updateAt`, `isDelete`, `status`, `name`, `desc`, `oldPrice`, `newPrice`, `imgUrl`, `inventoryCount`, `saleCount`, `favorCount`, `address`, `categoryId`) VALUES (162, '2023-11-14 00:00:00', '2023-11-14 20:32:28', 0, 1, '2018早秋新款港风时尚套装复古Polo领长袖衬衫温柔风无袖小个子吊带连衣裙两件套', '2018早秋新款港风时尚套装复古Polo领长袖衬衫温柔风无袖小个子吊带连衣裙两件套', 70, 49, 'http://s3.mogucdn.com/mlcdn/c45406/180820_2a2fja7ef28g254ki63cg6b3jkhgl_640x960.jpg_560x999.jpg', 8565, 1501, 13, '长沙', 8);
INSERT INTO `goods_info` (`id`, `createAt`, `updateAt`, `isDelete`, `status`, `name`, `desc`, `oldPrice`, `newPrice`, `imgUrl`, `inventoryCount`, `saleCount`, `favorCount`, `address`, `categoryId`) VALUES (164, '2023-11-14 00:00:00', '2023-11-14 20:32:28', 0, 1, '2018秋装新款韩版宽松针织开衫毛衣外套中长气质v领针织连衣裙打底吊带裙两件套时尚裙子套装', '2018秋装新款韩版宽松针织开衫毛衣外套中长气质v领针织连衣裙打底吊带裙两件套时尚裙子套装', 99, 69, 'http://s11.mogucdn.com/mlcdn/c45406/180816_8gb546fel3dic1i6d44fj217l49eg_640x960.jpg_560x999.jpg', 8759, 1471, 64, '南京', 8);
INSERT INTO `goods_info` (`id`, `createAt`, `updateAt`, `isDelete`, `status`, `name`, `desc`, `oldPrice`, `newPrice`, `imgUrl`, `inventoryCount`, `saleCount`, `favorCount`, `address`, `categoryId`) VALUES (165, '2023-11-14 00:00:00', '2023-11-14 20:32:28', 0, 1, '2018秋装女装韩版新款休闲时尚套装女圆领条纹薄款上衣+高腰束脚灯笼裤两件套女潮', '2018秋装女装韩版新款休闲时尚套装女圆领条纹薄款上衣+高腰束脚灯笼裤两件套女潮', 198, 198, 'http://s11.mogucdn.com/mlcdn/55cf19/180803_44ec95haiehdddjk126fgidfg52le_640x960.jpg_560x999.jpg', 1582, 1459, 13, '重庆', 8);
INSERT INTO `goods_info` (`id`, `createAt`, `updateAt`, `isDelete`, `status`, `name`, `desc`, `oldPrice`, `newPrice`, `imgUrl`, `inventoryCount`, `saleCount`, `favorCount`, `address`, `categoryId`) VALUES (166, '2023-11-14 00:00:00', '2023-11-14 20:32:28', 0, 1, '秋装2018新款牛仔外套女韩版宽松短款针织背心高腰半身裙中长裙小个子显高时尚套装裙子三件套', '秋装2018新款牛仔外套女韩版宽松短款针织背心高腰半身裙中长裙小个子显高时尚套装裙子三件套', 39, 27, 'http://s3.mogucdn.com/mlcdn/c45406/180731_5be6jhh7ggj68d4063gkca4egh02i_750x1000.jpg_560x999.jpg', 7012, 1432, 103, '昆明', 8);
INSERT INTO `goods_info` (`id`, `createAt`, `updateAt`, `isDelete`, `status`, `name`, `desc`, `oldPrice`, `newPrice`, `imgUrl`, `inventoryCount`, `saleCount`, `favorCount`, `address`, `categoryId`) VALUES (167, '2023-11-14 00:00:00', '2023-11-14 20:32:28', 0, 1, '格姬2018秋装新款两件套圆领灯笼袖连衣裙春装新款韩版名媛大裙摆套装裙时尚套装女6254', '格姬2018秋装新款两件套圆领灯笼袖连衣裙春装新款韩版名媛大裙摆套装裙时尚套装女6254', 285, 199, 'http://s3.mogucdn.com/mlcdn/c45406/180302_4ji3hab7c3kdhfdg4i0lc86a1287h_640x960.jpg_560x999.jpg', 2455, 1416, 62, '南京', 8);
INSERT INTO `goods_info` (`id`, `createAt`, `updateAt`, `isDelete`, `status`, `name`, `desc`, `oldPrice`, `newPrice`, `imgUrl`, `inventoryCount`, `saleCount`, `favorCount`, `address`, `categoryId`) VALUES (168, '2023-11-14 00:00:00', '2023-11-14 20:32:28', 0, 1, '连衣裙女新款2018秋款韩版小碎花裙子长袖文艺学生百搭小黑裙', '连衣裙女新款2018秋款韩版小碎花裙子长袖文艺学生百搭小黑裙', 97, 68, 'http://s11.mogucdn.com/mlcdn/c45406/170402_06ehihjk325cjc7jc4653k1bkek2b_640x960.jpg_560x999.jpg', 7702, 1416, 441, '西安', 8);
INSERT INTO `goods_info` (`id`, `createAt`, `updateAt`, `isDelete`, `status`, `name`, `desc`, `oldPrice`, `newPrice`, `imgUrl`, `inventoryCount`, `saleCount`, `favorCount`, `address`, `categoryId`) VALUES (169, '2023-11-14 00:00:00', '2023-11-14 20:32:28', 0, 1, '时尚套装两件套网红同款2018秋装女套装新款学生牛仔外套配内搭温柔风小黑裙黑色v领吊带裙潮', '时尚套装两件套网红同款2018秋装女套装新款学生牛仔外套配内搭温柔风小黑裙黑色v领吊带裙潮', 100, 70, 'http://s3.mogucdn.com/mlcdn/c45406/180819_44ee3hf251agika4lji8958i46e6d_640x960.jpg_560x999.jpg', 1281, 1404, 75, '青岛', 8);
INSERT INTO `goods_info` (`id`, `createAt`, `updateAt`, `isDelete`, `status`, `name`, `desc`, `oldPrice`, `newPrice`, `imgUrl`, `inventoryCount`, `saleCount`, `favorCount`, `address`, `categoryId`) VALUES (170, '2023-11-14 00:00:00', '2023-11-14 20:32:28', 0, 1, '2018秋装套装新款韩版百搭显瘦长袖条纹雪纺衬衫女宽松直筒背带裤套装两件套', '2018秋装套装新款韩版百搭显瘦长袖条纹雪纺衬衫女宽松直筒背带裤套装两件套', 84, 59, 'http://s11.mogucdn.com/mlcdn/c45406/180312_5ebi8i8k389leic0g487h3l611kek_640x960.jpg_560x999.jpg', 7966, 1384, 80, '西安', 8);
INSERT INTO `goods_info` (`id`, `createAt`, `updateAt`, `isDelete`, `status`, `name`, `desc`, `oldPrice`, `newPrice`, `imgUrl`, `inventoryCount`, `saleCount`, `favorCount`, `address`, `categoryId`) VALUES (171, '2023-11-14 00:00:00', '2023-11-14 20:32:28', 0, 1, '2018秋冬新款时尚韩范百搭显瘦背带裤套装灯芯绒裤子+毛衣两件套女', '2018秋冬新款时尚韩范百搭显瘦背带裤套装灯芯绒裤子+毛衣两件套女', 99, 69, 'http://s11.mogucdn.com/mlcdn/55cf19/180831_3lccd4912aec0lb8fga9ji7ah6bkd_640x960.jpg_560x999.jpg', 4339, 1382, 55, '南京', 8);
INSERT INTO `goods_info` (`id`, `createAt`, `updateAt`, `isDelete`, `status`, `name`, `desc`, `oldPrice`, `newPrice`, `imgUrl`, `inventoryCount`, `saleCount`, `favorCount`, `address`, `categoryId`) VALUES (173, '2023-11-14 00:00:00', '2023-11-14 20:32:28', 0, 1, '时尚套装韩版气质甜美镂空灯笼袖针织衫百搭显瘦毛衣女2018秋季新款连衣裙套装', '时尚套装韩版气质甜美镂空灯笼袖针织衫百搭显瘦毛衣女2018秋季新款连衣裙套装', 70, 70, 'http://s11.mogucdn.com/mlcdn/c45406/180822_5bl46cl4g934133a6cbhkk8l37hl0_640x960.jpg_560x999.jpg', 1615, 1360, 286, '沈阳', 8);
INSERT INTO `goods_info` (`id`, `createAt`, `updateAt`, `isDelete`, `status`, `name`, `desc`, `oldPrice`, `newPrice`, `imgUrl`, `inventoryCount`, `saleCount`, `favorCount`, `address`, `categoryId`) VALUES (174, '2023-11-14 00:00:00', '2023-11-14 20:32:28', 0, 1, '2018秋季新款时尚套装蝴蝶结波点衬衫圆领麻花毛衣无袖马甲百褶半身裙中长款A字裙套装三件套', '2018秋季新款时尚套装蝴蝶结波点衬衫圆领麻花毛衣无袖马甲百褶半身裙中长款A字裙套装三件套', 86, 60, 'http://s11.mogucdn.com/mlcdn/c45406/180131_1kgh02j1j4lbb74g0427ljk976612_640x960.jpg_560x999.jpg', 4118, 1356, 311, '青岛', 8);
INSERT INTO `goods_info` (`id`, `createAt`, `updateAt`, `isDelete`, `status`, `name`, `desc`, `oldPrice`, `newPrice`, `imgUrl`, `inventoryCount`, `saleCount`, `favorCount`, `address`, `categoryId`) VALUES (183, '2023-11-14 00:00:00', '2023-11-14 20:32:28', 0, 1, '吊带背心女夏2018秋季新款内搭吊带衫短款性感修身针织打底衫上衣显瘦', '吊带背心女夏2018秋季新款内搭吊带衫短款性感修身针织打底衫上衣显瘦', 43, 30, 'http://s11.mogucdn.com/mlcdn/17f85e/180927_5i77e04lhaalbg3dai0j4588lbahh_640x960.jpg_560x999.jpg', 6285, 2, 3, '天津', 8);
INSERT INTO `goods_info` (`id`, `createAt`, `updateAt`, `isDelete`, `status`, `name`, `desc`, `oldPrice`, `newPrice`, `imgUrl`, `inventoryCount`, `saleCount`, `favorCount`, `address`, `categoryId`) VALUES (184, '2023-11-14 14:54:20', '2023-11-14 20:32:28', 1, 1, '已删除_aaa_33985834-366d-4f34-9e01-d0f76b0f1634', 'aaaa', 100, 88, 'www.itsiyuan.com/abc.png', 100, 100, 199, '北京', 8);
INSERT INTO `goods_info` (`id`, `createAt`, `updateAt`, `isDelete`, `status`, `name`, `desc`, `oldPrice`, `newPrice`, `imgUrl`, `inventoryCount`, `saleCount`, `favorCount`, `address`, `categoryId`) VALUES (188, '2023-11-17 14:10:33', '2023-11-17 17:45:09', 0, 0, 'aaa', '1', 1, 11, 'http://localhost:3000/api/v1/static/2023-11-17/1700201424047.png', 1, 1, 1, '北京', 19);
INSERT INTO `goods_info` (`id`, `createAt`, `updateAt`, `isDelete`, `status`, `name`, `desc`, `oldPrice`, `newPrice`, `imgUrl`, `inventoryCount`, `saleCount`, `favorCount`, `address`, `categoryId`) VALUES (189, '2023-11-17 14:11:51', '2023-11-17 17:45:09', 0, 0, 'aa', '1', 12, 1, 'http://localhost:3000/api/v1/static/2023-11-17/1700201507069.png', 1, 1, 1, '北京', 19);
INSERT INTO `goods_info` (`id`, `createAt`, `updateAt`, `isDelete`, `status`, `name`, `desc`, `oldPrice`, `newPrice`, `imgUrl`, `inventoryCount`, `saleCount`, `favorCount`, `address`, `categoryId`) VALUES (190, '2023-11-17 14:18:39', '2023-11-17 22:14:14', 0, 0, '测试', 'a\'s\'daasda', 2, 2, 'http://localhost:3000/api/v1/static/2023-11-17/1700201913673.png', 2, 2, 2, '北京', 19);


SET foreign_key_checks = 1; -- 恢复外键检查
